-- phpMyAdmin SQL Dump
-- version 5.2.1
-- https://www.phpmyadmin.net/
--
-- Anamakine: 127.0.0.1
-- Üretim Zamanı: 01 Tem 2024, 17:21:31
-- Sunucu sürümü: 8.0.35
-- PHP Sürümü: 8.2.12

SET SQL_MODE = "NO_AUTO_VALUE_ON_ZERO";
START TRANSACTION;
SET time_zone = "+00:00";


/*!40101 SET @OLD_CHARACTER_SET_CLIENT=@@CHARACTER_SET_CLIENT */;
/*!40101 SET @OLD_CHARACTER_SET_RESULTS=@@CHARACTER_SET_RESULTS */;
/*!40101 SET @OLD_COLLATION_CONNECTION=@@COLLATION_CONNECTION */;
/*!40101 SET NAMES utf8mb4 */;

--
-- Veritabanı: `pharmacy_db`
--

-- --------------------------------------------------------

--
-- Tablo için tablo yapısı `cart`
--

CREATE TABLE `cart` (
  `id` int NOT NULL,
  `user_id` int NOT NULL,
  `product_id` int NOT NULL,
  `name` varchar(300) CHARACTER SET utf8mb4 COLLATE utf8mb4_0900_ai_ci NOT NULL,
  `price` int NOT NULL,
  `quantity` int NOT NULL,
  `image` varchar(100) NOT NULL
) ENGINE=InnoDB DEFAULT CHARSET=utf8mb4 COLLATE=utf8mb4_0900_ai_ci;

--
-- Tablo döküm verisi `cart`
--

INSERT INTO `cart` (`id`, `user_id`, `product_id`, `name`, `price`, `quantity`, `image`) VALUES
(38, 9, 32656, 'Avastin 400mg Injection', 270, 2, 'f5a26c491e4d48199ab116a69a969be3.jpg'),
(49, 8, 32657, 'Augmentin 625 Duo Tablet', 118, 3, 'wy2y9bdipmh6rgkrj0zm.jpg'),
(51, 4, 32665, 'Atarax 25mg Tablet', 261, 5, 'v9py58kciridvbi7bqls.jpg');

-- --------------------------------------------------------

--
-- Tablo için tablo yapısı `deposiparişleri`
--

CREATE TABLE `deposiparişleri` (
  `id` int NOT NULL,
  `üretici_name` varchar(100) CHARACTER SET utf8mb4 COLLATE utf8mb4_0900_ai_ci DEFAULT NULL,
  `depo_name` varchar(100) CHARACTER SET utf8mb4 COLLATE utf8mb4_0900_ai_ci NOT NULL,
  `sipariş_özeti` varchar(2000) CHARACTER SET utf8mb4 COLLATE utf8mb4_0900_ai_ci NOT NULL,
  `sipariş_tarihi` date NOT NULL,
  `method` varchar(100) CHARACTER SET utf8mb4 COLLATE utf8mb4_0900_ai_ci NOT NULL,
  `durum` varchar(50) CHARACTER SET utf8mb4 COLLATE utf8mb4_unicode_ci DEFAULT 'Beklemede',
  `toplam_fiyat` decimal(8,2) NOT NULL,
  `number` varchar(12) CHARACTER SET utf8mb4 COLLATE utf8mb4_0900_ai_ci NOT NULL,
  `adres` varchar(100) CHARACTER SET utf8mb4 COLLATE utf8mb4_0900_ai_ci NOT NULL
) ENGINE=InnoDB DEFAULT CHARSET=utf8mb4 COLLATE=utf8mb4_0900_ai_ci;

--
-- Tablo döküm verisi `deposiparişleri`
--

INSERT INTO `deposiparişleri` (`id`, `üretici_name`, `depo_name`, `sipariş_özeti`, `sipariş_tarihi`, `method`, `durum`, `toplam_fiyat`, `number`, `adres`) VALUES
(3, 'feyzanur', 'hatice', 'Aricep 5 Tablet (5)', '2024-06-01', 'kapıda ödeme', 'tamamlandı', 1195.75, '0551522127', 'Çiçek Mahallesi, Lale Caddesi, No:10, Etimesgut, Ankara'),
(8, 'feyzanur', 'hatice ', 'AB-Flo-N Tablet (20) , Augmentin 625 Duo Tablet (3) ', '2024-06-07', 'kredi kartı', 'Beklemede', 4074.00, '0551522127', 'Çiçek Mahallesi, Lale Caddesi, No:10, dükkan, Etimesgut, Ankara'),
(10, 'feyzanur', 'ahmet Y', 'Amoxyclav 625 Tablet (2) , Armotraz Tablet (5) ', '2024-06-04', 'kapıda ödeme', 'tamamlandı', 1245.00, '05541255856', 'Yenimahalle Mahallesi, Çınar Sokak, No:7, dükkan, Bornova, İzmir'),
(11, 'feyzanur', 'ahmet Y', 'Augmentin 625 Duo Tablet (6) ', '2024-06-07', 'kredi kartı', 'Beklemede', 708.00, '05541255856', 'Yenimahalle Mahallesi, Çınar Sokak, No:7, dükkan, Bornova, İzmir');

-- --------------------------------------------------------

--
-- Tablo için tablo yapısı `depostok`
--

CREATE TABLE `depostok` (
  `id` int NOT NULL,
  `ed_id` int NOT NULL,
  `ilaç_id` int NOT NULL,
  `stok_miktarı` int NOT NULL
) ENGINE=InnoDB DEFAULT CHARSET=utf8mb4 COLLATE=utf8mb4_0900_ai_ci;

--
-- Tablo döküm verisi `depostok`
--

INSERT INTO `depostok` (`id`, `ed_id`, `ilaç_id`, `stok_miktarı`) VALUES
(1, 1, 32656, 56),
(2, 2, 32656, 28),
(3, 3, 32656, 57),
(4, 1, 32657, 44),
(5, 2, 32657, 23),
(6, 3, 32657, 56),
(7, 1, 32658, 32),
(8, 2, 32658, 75),
(9, 3, 32658, 69),
(10, 1, 32659, 88),
(11, 2, 32659, 82),
(12, 3, 32659, 90),
(13, 1, 32660, 68),
(14, 2, 32660, 100),
(15, 3, 32660, 46),
(16, 1, 32661, 50),
(17, 2, 32661, 80),
(18, 3, 32661, 81),
(19, 1, 32662, 12),
(20, 2, 32662, 33),
(21, 3, 32662, 14),
(22, 1, 32663, 82),
(23, 2, 32663, 55),
(24, 3, 32663, 22),
(25, 1, 32664, 34),
(26, 2, 32664, 2),
(27, 3, 32664, 19),
(28, 1, 32665, 55),
(29, 2, 32665, 9),
(30, 3, 32665, 18),
(31, 1, 32666, 95),
(32, 2, 32666, 81),
(33, 3, 32666, 22),
(34, 1, 32667, 59),
(35, 2, 32667, 40),
(36, 3, 32667, 94),
(37, 1, 32668, 30),
(38, 2, 32668, 81),
(39, 3, 32668, 3),
(40, 1, 32669, 51),
(41, 2, 32669, 69),
(42, 3, 32669, 12),
(43, 1, 32670, 98),
(44, 2, 32670, 47),
(45, 3, 32670, 82),
(46, 1, 32671, 28),
(47, 2, 32671, 44),
(48, 3, 32671, 69),
(49, 1, 32672, 18),
(50, 2, 32672, 44),
(51, 3, 32672, 52),
(52, 1, 32673, 77),
(53, 2, 32673, 95),
(54, 3, 32673, 65),
(55, 1, 32674, 91),
(56, 2, 32674, 100),
(57, 3, 32674, 8),
(58, 1, 32675, 16),
(59, 2, 32675, 99),
(60, 3, 32675, 87),
(61, 1, 32676, 65),
(62, 2, 32676, 62),
(63, 3, 32676, 74),
(64, 1, 32677, 73),
(65, 2, 32677, 12),
(66, 3, 32677, 35),
(67, 1, 32678, 95),
(68, 2, 32678, 40),
(69, 3, 32678, 29),
(70, 1, 32679, 60),
(71, 2, 32679, 76),
(72, 3, 32679, 75),
(73, 1, 32680, 25),
(74, 2, 32680, 24),
(75, 3, 32680, 32),
(76, 1, 32681, 92),
(77, 2, 32681, 63),
(78, 3, 32681, 76),
(79, 1, 32682, 77),
(80, 2, 32682, 20),
(81, 3, 32682, 24),
(82, 1, 32683, 84),
(83, 2, 32683, 11),
(84, 3, 32683, 45),
(85, 1, 32684, 91),
(86, 2, 32684, 34),
(87, 3, 32684, 11),
(88, 1, 32685, 98),
(89, 2, 32685, 15),
(90, 3, 32685, 74),
(91, 1, 32686, 32),
(92, 2, 32686, 81),
(93, 3, 32686, 84),
(94, 1, 32687, 44),
(95, 2, 32687, 45),
(96, 3, 32687, 21),
(97, 1, 32688, 35),
(98, 2, 32688, 15),
(99, 3, 32688, 94),
(100, 1, 32689, 16),
(101, 2, 32689, 40),
(102, 3, 32689, 95),
(103, 1, 32690, 44),
(104, 2, 32690, 91),
(105, 3, 32690, 11),
(106, 1, 32691, 90),
(107, 2, 32691, 30),
(108, 3, 32691, 3),
(109, 1, 32692, 32),
(110, 2, 32692, 52),
(111, 3, 32692, 51),
(112, 1, 32693, 18),
(113, 2, 32693, 64),
(114, 3, 32693, 80),
(115, 1, 32694, 2),
(116, 2, 32694, 23),
(117, 3, 32694, 85),
(118, 1, 32695, 7),
(119, 2, 32695, 21),
(120, 3, 32695, 64),
(121, 1, 32696, 9),
(122, 2, 32696, 12),
(123, 3, 32696, 35),
(124, 1, 32697, 65),
(125, 2, 32697, 97),
(126, 3, 32697, 77),
(127, 1, 32698, 90),
(128, 2, 32698, 30),
(129, 3, 32698, 31),
(130, 1, 32699, 77),
(131, 2, 32699, 51),
(132, 3, 32699, 37),
(133, 1, 32700, 82),
(134, 2, 32700, 27),
(135, 3, 32700, 46),
(136, 1, 32701, 28),
(137, 2, 32701, 48),
(138, 3, 32701, 84),
(139, 1, 32702, 68),
(140, 2, 32702, 24),
(141, 3, 32702, 10),
(142, 1, 32703, 95),
(143, 2, 32703, 60),
(144, 3, 32703, 20),
(145, 1, 32704, 85),
(146, 2, 32704, 61),
(147, 3, 32704, 36),
(148, 1, 32705, 12),
(149, 2, 32705, 61),
(150, 3, 32705, 25),
(151, 1, 32706, 100),
(152, 2, 32706, 91),
(153, 3, 32706, 69),
(154, 1, 32707, 81),
(155, 2, 32707, 28),
(156, 3, 32707, 26),
(157, 1, 32708, 77),
(158, 2, 32708, 53),
(159, 3, 32708, 83),
(160, 1, 32709, 56),
(161, 2, 32709, 22),
(162, 3, 32709, 8),
(163, 1, 32710, 1),
(164, 2, 32710, 94),
(165, 3, 32710, 11),
(166, 1, 32711, 99),
(167, 2, 32711, 22),
(168, 3, 32711, 44),
(169, 1, 32712, 86),
(170, 2, 32712, 18),
(171, 3, 32712, 21),
(172, 1, 32713, 50),
(173, 2, 32713, 28),
(174, 3, 32713, 73),
(175, 1, 32714, 10),
(176, 2, 32714, 83),
(177, 3, 32714, 32),
(178, 1, 32715, 10),
(179, 2, 32715, 7),
(180, 3, 32715, 62),
(181, 1, 32716, 18),
(182, 2, 32716, 79),
(183, 3, 32716, 85),
(184, 1, 32717, 100),
(185, 2, 32717, 71),
(186, 3, 32717, 70),
(187, 1, 32718, 92),
(188, 2, 32718, 64),
(189, 3, 32718, 84),
(190, 1, 32719, 0),
(191, 2, 32719, 4),
(192, 3, 32719, 53),
(193, 1, 32720, 91),
(194, 2, 32720, 18),
(195, 3, 32720, 51),
(196, 1, 32721, 4),
(197, 2, 32721, 23),
(198, 3, 32721, 75),
(199, 1, 32722, 49),
(200, 2, 32722, 17),
(201, 3, 32722, 54),
(202, 1, 32723, 0),
(203, 2, 32723, 69),
(204, 3, 32723, 90),
(205, 1, 32724, 19),
(206, 2, 32724, 61),
(207, 3, 32724, 35),
(208, 1, 32725, 8),
(209, 2, 32725, 98),
(210, 3, 32725, 59),
(211, 1, 32726, 100),
(212, 2, 32726, 72),
(213, 3, 32726, 0),
(214, 1, 32727, 50),
(215, 2, 32727, 60),
(216, 3, 32727, 91),
(217, 1, 32728, 47),
(218, 2, 32728, 58),
(219, 3, 32728, 66),
(220, 1, 32729, 68),
(221, 2, 32729, 77),
(222, 3, 32729, 100),
(223, 1, 32730, 30),
(224, 2, 32730, 41),
(225, 3, 32730, 23),
(226, 1, 32731, 10),
(227, 2, 32731, 42),
(228, 3, 32731, 63),
(229, 1, 32732, 18),
(230, 2, 32732, 25),
(231, 3, 32732, 63),
(232, 1, 32733, 64),
(233, 2, 32733, 90),
(234, 3, 32733, 29),
(235, 1, 32734, 4),
(236, 2, 32734, 7),
(237, 3, 32734, 22),
(238, 1, 32735, 36),
(239, 2, 32735, 62),
(240, 3, 32735, 19),
(241, 1, 32736, 91),
(242, 2, 32736, 96),
(243, 3, 32736, 38),
(244, 1, 32737, 38),
(245, 2, 32737, 44),
(246, 3, 32737, 59),
(247, 1, 32738, 41),
(248, 2, 32738, 83),
(249, 3, 32738, 42),
(250, 1, 32739, 3),
(251, 2, 32739, 68),
(252, 3, 32739, 17),
(253, 1, 32740, 79),
(254, 2, 32740, 82),
(255, 3, 32740, 77),
(256, 1, 32741, 34),
(257, 2, 32741, 81),
(258, 3, 32741, 58),
(259, 1, 32742, 8),
(260, 2, 32742, 40),
(261, 3, 32742, 12),
(262, 1, 32743, 33),
(263, 2, 32743, 7),
(264, 3, 32743, 69),
(265, 1, 32744, 17),
(266, 2, 32744, 48),
(267, 3, 32744, 14),
(268, 1, 32745, 28),
(269, 2, 32745, 76),
(270, 3, 32745, 44),
(271, 1, 32746, 11),
(272, 2, 32746, 18),
(273, 3, 32746, 90),
(274, 1, 32747, 0),
(275, 2, 32747, 73),
(276, 3, 32747, 81),
(277, 1, 32748, 47),
(278, 2, 32748, 0),
(279, 3, 32748, 88),
(280, 1, 32749, 36),
(281, 2, 32749, 15),
(282, 3, 32749, 79),
(283, 1, 32750, 49),
(284, 2, 32750, 57),
(285, 3, 32750, 75),
(286, 1, 32751, 72),
(287, 2, 32751, 46),
(288, 3, 32751, 93),
(289, 1, 32752, 86),
(290, 2, 32752, 49),
(291, 3, 32752, 97),
(292, 1, 32753, 90),
(293, 2, 32753, 93),
(294, 3, 32753, 14),
(295, 1, 32754, 35),
(296, 2, 32754, 71),
(297, 3, 32754, 48),
(298, 1, 32755, 94),
(299, 2, 32755, 36),
(300, 3, 32755, 59),
(301, 1, 32756, 19),
(302, 2, 32756, 28),
(303, 3, 32756, 4),
(304, 1, 32757, 67),
(305, 2, 32757, 92),
(306, 3, 32757, 25),
(307, 1, 32758, 93),
(308, 2, 32758, 48),
(309, 3, 32758, 30),
(310, 1, 32759, 36),
(311, 2, 32759, 0),
(312, 3, 32759, 55),
(313, 1, 32760, 90),
(314, 2, 32760, 61),
(315, 3, 32760, 20),
(316, 1, 32761, 89),
(317, 2, 32761, 31),
(318, 3, 32761, 52),
(319, 1, 32762, 26),
(320, 2, 32762, 95),
(321, 3, 32762, 97),
(322, 1, 32763, 63),
(323, 2, 32763, 78),
(324, 3, 32763, 95),
(325, 1, 32764, 36),
(326, 2, 32764, 89),
(327, 3, 32764, 82),
(328, 1, 32765, 45),
(329, 2, 32765, 31),
(330, 3, 32765, 79),
(331, 1, 32766, 50),
(332, 2, 32766, 10),
(333, 3, 32766, 66),
(334, 1, 32767, 18),
(335, 2, 32767, 15),
(336, 3, 32767, 13),
(337, 1, 32768, 42),
(338, 2, 32768, 12),
(339, 3, 32768, 88),
(340, 1, 32769, 18),
(341, 2, 32769, 95),
(342, 3, 32769, 11),
(343, 1, 32770, 9),
(344, 2, 32770, 18),
(345, 3, 32770, 13),
(346, 1, 32771, 38),
(347, 2, 32771, 43),
(348, 3, 32771, 57),
(349, 1, 32772, 96),
(350, 2, 32772, 35),
(351, 3, 32772, 57),
(352, 1, 32773, 54),
(353, 2, 32773, 36),
(354, 3, 32773, 80),
(355, 1, 32774, 95),
(356, 2, 32774, 89),
(357, 3, 32774, 8),
(358, 1, 32775, 5),
(359, 2, 32775, 5),
(360, 3, 32775, 82),
(361, 1, 32776, 77),
(362, 2, 32776, 42),
(363, 3, 32776, 2),
(364, 1, 32777, 32),
(365, 2, 32777, 97),
(366, 3, 32777, 83),
(367, 1, 32778, 19),
(368, 2, 32778, 71),
(369, 3, 32778, 15),
(370, 1, 32779, 20),
(371, 2, 32779, 63),
(372, 3, 32779, 65),
(373, 1, 32780, 98),
(374, 2, 32780, 81),
(375, 3, 32780, 49),
(376, 1, 32781, 21),
(377, 2, 32781, 51),
(378, 3, 32781, 61),
(379, 1, 32782, 89),
(380, 2, 32782, 70),
(381, 3, 32782, 66),
(382, 1, 32783, 57),
(383, 2, 32783, 20),
(384, 3, 32783, 85),
(385, 1, 32784, 81),
(386, 2, 32784, 1),
(387, 3, 32784, 23),
(388, 1, 32785, 68),
(389, 2, 32785, 34),
(390, 3, 32785, 68),
(391, 1, 32786, 67),
(392, 2, 32786, 75),
(393, 3, 32786, 20),
(394, 1, 32787, 34),
(395, 2, 32787, 1),
(396, 3, 32787, 31),
(397, 1, 32788, 10),
(398, 2, 32788, 89),
(399, 3, 32788, 0),
(400, 1, 32789, 11),
(401, 2, 32789, 46),
(402, 3, 32789, 7),
(403, 1, 32790, 88),
(404, 2, 32790, 11),
(405, 3, 32790, 51),
(406, 1, 32791, 43),
(407, 2, 32791, 88),
(408, 3, 32791, 50),
(409, 1, 32792, 48),
(410, 2, 32792, 16),
(411, 3, 32792, 91),
(412, 1, 32793, 98),
(413, 2, 32793, 1),
(414, 3, 32793, 68),
(415, 1, 32794, 18),
(416, 2, 32794, 6),
(417, 3, 32794, 69),
(418, 1, 32795, 88),
(419, 2, 32795, 98),
(420, 3, 32795, 82),
(421, 1, 32796, 21),
(422, 2, 32796, 19),
(423, 3, 32796, 34),
(424, 1, 32797, 66),
(425, 2, 32797, 49),
(426, 3, 32797, 24),
(427, 1, 32798, 13),
(428, 2, 32798, 22),
(429, 3, 32798, 91),
(430, 1, 32799, 1),
(431, 2, 32799, 26),
(432, 3, 32799, 33),
(433, 1, 32800, 24),
(434, 2, 32800, 36),
(435, 3, 32800, 64),
(436, 1, 32801, 7),
(437, 2, 32801, 65),
(438, 3, 32801, 44),
(439, 1, 32802, 73),
(440, 2, 32802, 61),
(441, 3, 32802, 85),
(442, 1, 32803, 79),
(443, 2, 32803, 60),
(444, 3, 32803, 19),
(445, 1, 32804, 89),
(446, 2, 32804, 0),
(447, 3, 32804, 98),
(448, 1, 32805, 84),
(449, 2, 32805, 22),
(450, 3, 32805, 32),
(451, 1, 32806, 76),
(452, 2, 32806, 15),
(453, 3, 32806, 77),
(454, 1, 32807, 21),
(455, 2, 32807, 21),
(456, 3, 32807, 23),
(457, 1, 32808, 95),
(458, 2, 32808, 59),
(459, 3, 32808, 17),
(460, 1, 32809, 67),
(461, 2, 32809, 100),
(462, 3, 32809, 3),
(463, 1, 32810, 91),
(464, 2, 32810, 74),
(465, 3, 32810, 13),
(466, 1, 32811, 59),
(467, 2, 32811, 11),
(468, 3, 32811, 54),
(469, 1, 32812, 12),
(470, 2, 32812, 42),
(471, 3, 32812, 32),
(472, 1, 32813, 6),
(473, 2, 32813, 77),
(474, 3, 32813, 67),
(475, 1, 32814, 12),
(476, 2, 32814, 4),
(477, 3, 32814, 10),
(478, 1, 32815, 92),
(479, 2, 32815, 79),
(480, 3, 32815, 77),
(481, 1, 32816, 61),
(482, 2, 32816, 34),
(483, 3, 32816, 21),
(484, 1, 32817, 4),
(485, 2, 32817, 97),
(486, 3, 32817, 20),
(487, 1, 32818, 13),
(488, 2, 32818, 32),
(489, 3, 32818, 97),
(490, 1, 32819, 68),
(491, 2, 32819, 100),
(492, 3, 32819, 45),
(493, 1, 32820, 8),
(494, 2, 32820, 82),
(495, 3, 32820, 87),
(496, 1, 32821, 57),
(497, 2, 32821, 100),
(498, 3, 32821, 47),
(499, 1, 32822, 83),
(500, 2, 32822, 69),
(501, 3, 32822, 79),
(502, 1, 32823, 21),
(503, 2, 32823, 6),
(504, 3, 32823, 51),
(505, 1, 32824, 31),
(506, 2, 32824, 94),
(507, 3, 32824, 8),
(508, 1, 32825, 1),
(509, 2, 32825, 72),
(510, 3, 32825, 73),
(511, 1, 32826, 89),
(512, 2, 32826, 75),
(513, 3, 32826, 84),
(514, 1, 32827, 30),
(515, 2, 32827, 96),
(516, 3, 32827, 82),
(517, 1, 32828, 89),
(518, 2, 32828, 85),
(519, 3, 32828, 91),
(520, 1, 32829, 4),
(521, 2, 32829, 92),
(522, 3, 32829, 52),
(523, 1, 32830, 2),
(524, 2, 32830, 58),
(525, 3, 32830, 6),
(526, 1, 32831, 74),
(527, 2, 32831, 89),
(528, 3, 32831, 22),
(529, 1, 32832, 6),
(530, 2, 32832, 97),
(531, 3, 32832, 50),
(532, 1, 32833, 35),
(533, 2, 32833, 1),
(534, 3, 32833, 38),
(535, 1, 32834, 60),
(536, 2, 32834, 78),
(537, 3, 32834, 89),
(538, 1, 32835, 80),
(539, 2, 32835, 5),
(540, 3, 32835, 80),
(541, 1, 32836, 56),
(542, 2, 32836, 11),
(543, 3, 32836, 100),
(544, 1, 32837, 39),
(545, 2, 32837, 62),
(546, 3, 32837, 87),
(547, 1, 32838, 80),
(548, 2, 32838, 36),
(549, 3, 32838, 86),
(550, 1, 32839, 25),
(551, 2, 32839, 3),
(552, 3, 32839, 7),
(553, 1, 32840, 43),
(554, 2, 32840, 73),
(555, 3, 32840, 62),
(556, 1, 32841, 100),
(557, 2, 32841, 53),
(558, 3, 32841, 46),
(559, 1, 32842, 9),
(560, 2, 32842, 72),
(561, 3, 32842, 67),
(562, 1, 32843, 41),
(563, 2, 32843, 66),
(564, 3, 32843, 29),
(565, 1, 32844, 38),
(566, 2, 32844, 20),
(567, 3, 32844, 29),
(568, 1, 32845, 31),
(569, 2, 32845, 27),
(570, 3, 32845, 20),
(571, 1, 32846, 25),
(572, 2, 32846, 42),
(573, 3, 32846, 51),
(574, 1, 32847, 71),
(575, 2, 32847, 41),
(576, 3, 32847, 23),
(577, 1, 32848, 47),
(578, 2, 32848, 57),
(579, 3, 32848, 91),
(580, 1, 32849, 52),
(581, 2, 32849, 51),
(582, 3, 32849, 1),
(583, 1, 32850, 70),
(584, 2, 32850, 79),
(585, 3, 32850, 86),
(586, 1, 32851, 76),
(587, 2, 32851, 2),
(588, 3, 32851, 29),
(589, 1, 32852, 100),
(590, 2, 32852, 10),
(591, 3, 32852, 95),
(592, 1, 32853, 77),
(593, 2, 32853, 27),
(594, 3, 32853, 94),
(595, 1, 32854, 59),
(596, 2, 32854, 14),
(597, 3, 32854, 51),
(598, 1, 32855, 54),
(599, 2, 32855, 15),
(600, 3, 32855, 63),
(601, 1, 32856, 29),
(602, 2, 32856, 4),
(603, 3, 32856, 75),
(604, 1, 32857, 81),
(605, 2, 32857, 81),
(606, 3, 32857, 85),
(607, 1, 32858, 4),
(608, 2, 32858, 93),
(609, 3, 32858, 95),
(610, 1, 32859, 5),
(611, 2, 32859, 41),
(612, 3, 32859, 67),
(613, 1, 32860, 2),
(614, 2, 32860, 81),
(615, 3, 32860, 17),
(616, 1, 32861, 59),
(617, 2, 32861, 1),
(618, 3, 32861, 94),
(619, 1, 32862, 28),
(620, 2, 32862, 35),
(621, 3, 32862, 8),
(622, 1, 32863, 41),
(623, 2, 32863, 39),
(624, 3, 32863, 52),
(625, 1, 32864, 98),
(626, 2, 32864, 76),
(627, 3, 32864, 14),
(628, 1, 32865, 47),
(629, 2, 32865, 0),
(630, 3, 32865, 87),
(631, 1, 32866, 17),
(632, 2, 32866, 58),
(633, 3, 32866, 16),
(634, 1, 32867, 70),
(635, 2, 32867, 91),
(636, 3, 32867, 63),
(637, 1, 32868, 43),
(638, 2, 32868, 90),
(639, 3, 32868, 28),
(640, 1, 32869, 53),
(641, 2, 32869, 87),
(642, 3, 32869, 4),
(643, 1, 32870, 99),
(644, 2, 32870, 47),
(645, 3, 32870, 18),
(646, 1, 32871, 69),
(647, 2, 32871, 20),
(648, 3, 32871, 9),
(649, 1, 32872, 34),
(650, 2, 32872, 93),
(651, 3, 32872, 5),
(652, 1, 32873, 1),
(653, 2, 32873, 55),
(654, 3, 32873, 50),
(655, 1, 32874, 57),
(656, 2, 32874, 35),
(657, 3, 32874, 69),
(658, 1, 32875, 6),
(659, 2, 32875, 25),
(660, 3, 32875, 15),
(661, 1, 32876, 76),
(662, 2, 32876, 88),
(663, 3, 32876, 42),
(664, 1, 32877, 53),
(665, 2, 32877, 26),
(666, 3, 32877, 43),
(667, 1, 32878, 43),
(668, 2, 32878, 49),
(669, 3, 32878, 92),
(670, 1, 32879, 84),
(671, 2, 32879, 14),
(672, 3, 32879, 78),
(673, 1, 32880, 6),
(674, 2, 32880, 89),
(675, 3, 32880, 75),
(676, 1, 32881, 62),
(677, 2, 32881, 75),
(678, 3, 32881, 51),
(679, 1, 32882, 84),
(680, 2, 32882, 29),
(681, 3, 32882, 86),
(682, 1, 32883, 56),
(683, 2, 32883, 72),
(684, 3, 32883, 24),
(685, 1, 32884, 34),
(686, 2, 32884, 55),
(687, 3, 32884, 65),
(688, 1, 32885, 84),
(689, 2, 32885, 64),
(690, 3, 32885, 85),
(691, 1, 32886, 88),
(692, 2, 32886, 30),
(693, 3, 32886, 91),
(694, 1, 32887, 94),
(695, 2, 32887, 8),
(696, 3, 32887, 56),
(697, 1, 32888, 38),
(698, 2, 32888, 18),
(699, 3, 32888, 84),
(700, 1, 32889, 35),
(701, 2, 32889, 27),
(702, 3, 32889, 33),
(703, 1, 32890, 16),
(704, 2, 32890, 18),
(705, 3, 32890, 1),
(706, 1, 32891, 70),
(707, 2, 32891, 73),
(708, 3, 32891, 21),
(709, 1, 32892, 33),
(710, 2, 32892, 24),
(711, 3, 32892, 39),
(712, 1, 32893, 78),
(713, 2, 32893, 91),
(714, 3, 32893, 54),
(715, 1, 32894, 88),
(716, 2, 32894, 89),
(717, 3, 32894, 27),
(718, 1, 32895, 17),
(719, 2, 32895, 96),
(720, 3, 32895, 47),
(721, 1, 32896, 76),
(722, 2, 32896, 6),
(723, 3, 32896, 0),
(724, 1, 32897, 77),
(725, 2, 32897, 2),
(726, 3, 32897, 66),
(727, 1, 32898, 96),
(728, 2, 32898, 68),
(729, 3, 32898, 16),
(730, 1, 32899, 28),
(731, 2, 32899, 19),
(732, 3, 32899, 54),
(733, 1, 32900, 69),
(734, 2, 32900, 67),
(735, 3, 32900, 11),
(736, 1, 32901, 18),
(737, 2, 32901, 56),
(738, 3, 32901, 68),
(739, 1, 32902, 30),
(740, 2, 32902, 65),
(741, 3, 32902, 70),
(742, 1, 32903, 70),
(743, 2, 32903, 20),
(744, 3, 32903, 10),
(745, 1, 32904, 59),
(746, 2, 32904, 36),
(747, 3, 32904, 96),
(748, 1, 32905, 66),
(749, 2, 32905, 7),
(750, 3, 32905, 52),
(751, 1, 32906, 30),
(752, 2, 32906, 34),
(753, 3, 32906, 28),
(754, 1, 32907, 44),
(755, 2, 32907, 76),
(756, 3, 32907, 76),
(757, 1, 32908, 94),
(758, 2, 32908, 22),
(759, 3, 32908, 78),
(760, 1, 32909, 21),
(761, 2, 32909, 56),
(762, 3, 32909, 13),
(763, 1, 32910, 43),
(764, 2, 32910, 84),
(765, 3, 32910, 53),
(766, 1, 32911, 11),
(767, 2, 32911, 96),
(768, 3, 32911, 33),
(769, 1, 32912, 62),
(770, 2, 32912, 10),
(771, 3, 32912, 13),
(772, 1, 32913, 11),
(773, 2, 32913, 0),
(774, 3, 32913, 78),
(775, 1, 32914, 94),
(776, 2, 32914, 57),
(777, 3, 32914, 62),
(778, 1, 32915, 81),
(779, 2, 32915, 49),
(780, 3, 32915, 72),
(781, 1, 32916, 20),
(782, 2, 32916, 68),
(783, 3, 32916, 37),
(784, 1, 32917, 39),
(785, 2, 32917, 35),
(786, 3, 32917, 65),
(787, 1, 32918, 48),
(788, 2, 32918, 87),
(789, 3, 32918, 19),
(790, 1, 32919, 14),
(791, 2, 32919, 0),
(792, 3, 32919, 52),
(793, 1, 32920, 77),
(794, 2, 32920, 42),
(795, 3, 32920, 12),
(796, 1, 32921, 6),
(797, 2, 32921, 36),
(798, 3, 32921, 88),
(799, 1, 32922, 32),
(800, 2, 32922, 62),
(801, 3, 32922, 45),
(802, 1, 32923, 36),
(803, 2, 32923, 0),
(804, 3, 32923, 84),
(805, 1, 32924, 38),
(806, 2, 32924, 66),
(807, 3, 32924, 23),
(808, 1, 32925, 19),
(809, 2, 32925, 59),
(810, 3, 32925, 33),
(811, 1, 32926, 85),
(812, 2, 32926, 52),
(813, 3, 32926, 26),
(814, 1, 32927, 79),
(815, 2, 32927, 56),
(816, 3, 32927, 40),
(817, 1, 32928, 53),
(818, 2, 32928, 87),
(819, 3, 32928, 49),
(820, 1, 32929, 67),
(821, 2, 32929, 41),
(822, 3, 32929, 53),
(823, 1, 32930, 88),
(824, 2, 32930, 70),
(825, 3, 32930, 54),
(826, 1, 32931, 78),
(827, 2, 32931, 45),
(828, 3, 32931, 45),
(829, 1, 32932, 79),
(830, 2, 32932, 56),
(831, 3, 32932, 52),
(832, 1, 32933, 40),
(833, 2, 32933, 38),
(834, 3, 32933, 62),
(835, 1, 32934, 15),
(836, 2, 32934, 29),
(837, 3, 32934, 48),
(838, 1, 32935, 48),
(839, 2, 32935, 22),
(840, 3, 32935, 32),
(841, 1, 32936, 7),
(842, 2, 32936, 3),
(843, 3, 32936, 13),
(844, 1, 32937, 81),
(845, 2, 32937, 18),
(846, 3, 32937, 98),
(847, 1, 32938, 23),
(848, 2, 32938, 43),
(849, 3, 32938, 65),
(850, 1, 32939, 32),
(851, 2, 32939, 57),
(852, 3, 32939, 11),
(853, 1, 32940, 70),
(854, 2, 32940, 29),
(855, 3, 32940, 56),
(856, 1, 32941, 34),
(857, 2, 32941, 96),
(858, 3, 32941, 2),
(859, 1, 32942, 31),
(860, 2, 32942, 27),
(861, 3, 32942, 33),
(862, 1, 32943, 60),
(863, 2, 32943, 61),
(864, 3, 32943, 15),
(865, 1, 32944, 75),
(866, 2, 32944, 97),
(867, 3, 32944, 67),
(868, 1, 32945, 37),
(869, 2, 32945, 92),
(870, 3, 32945, 55),
(871, 1, 32946, 40),
(872, 2, 32946, 93),
(873, 3, 32946, 24),
(874, 1, 32947, 29),
(875, 2, 32947, 68),
(876, 3, 32947, 98),
(877, 1, 32948, 24),
(878, 2, 32948, 99),
(879, 3, 32948, 61),
(880, 1, 32949, 60),
(881, 2, 32949, 6),
(882, 3, 32949, 6),
(883, 1, 32950, 67),
(884, 2, 32950, 53),
(885, 3, 32950, 73),
(886, 1, 32951, 56),
(887, 2, 32951, 24),
(888, 3, 32951, 55),
(889, 1, 32952, 47),
(890, 2, 32952, 71),
(891, 3, 32952, 65),
(892, 1, 32953, 99),
(893, 2, 32953, 42),
(894, 3, 32953, 3),
(895, 1, 32954, 17),
(896, 2, 32954, 82),
(897, 3, 32954, 48),
(898, 1, 32955, 71),
(899, 2, 32955, 3),
(900, 3, 32955, 28),
(901, 1, 32956, 14),
(902, 2, 32956, 5),
(903, 3, 32956, 69),
(904, 1, 32957, 34),
(905, 2, 32957, 8),
(906, 3, 32957, 59),
(907, 1, 32958, 39),
(908, 2, 32958, 5),
(909, 3, 32958, 37),
(910, 1, 32959, 90),
(911, 2, 32959, 49),
(912, 3, 32959, 36),
(913, 1, 32960, 10),
(914, 2, 32960, 15),
(915, 3, 32960, 53),
(916, 1, 32961, 21),
(917, 2, 32961, 28),
(918, 3, 32961, 8),
(919, 1, 32962, 64),
(920, 2, 32962, 8),
(921, 3, 32962, 66),
(922, 1, 32963, 99),
(923, 2, 32963, 2),
(924, 3, 32963, 63),
(925, 1, 32964, 2),
(926, 2, 32964, 25),
(927, 3, 32964, 64),
(928, 1, 32965, 34),
(929, 2, 32965, 31),
(930, 3, 32965, 61),
(931, 1, 32966, 39),
(932, 2, 32966, 40),
(933, 3, 32966, 80),
(934, 1, 32967, 9),
(935, 2, 32967, 24),
(936, 3, 32967, 74),
(937, 1, 32968, 3),
(938, 2, 32968, 61),
(939, 3, 32968, 13),
(940, 1, 32969, 32),
(941, 2, 32969, 22),
(942, 3, 32969, 75),
(943, 1, 32970, 5),
(944, 2, 32970, 40),
(945, 3, 32970, 64),
(946, 1, 32971, 56),
(947, 2, 32971, 35),
(948, 3, 32971, 53),
(949, 1, 32972, 9),
(950, 2, 32972, 81),
(951, 3, 32972, 100),
(952, 1, 32973, 25),
(953, 2, 32973, 49),
(954, 3, 32973, 65),
(955, 1, 32974, 60),
(956, 2, 32974, 40),
(957, 3, 32974, 49),
(958, 1, 32975, 60),
(959, 2, 32975, 63),
(960, 3, 32975, 57),
(961, 1, 32976, 61),
(962, 2, 32976, 51),
(963, 3, 32976, 76),
(964, 1, 32977, 2),
(965, 2, 32977, 67),
(966, 3, 32977, 53),
(967, 1, 32978, 85),
(968, 2, 32978, 34),
(969, 3, 32978, 63),
(970, 1, 32979, 77),
(971, 2, 32979, 10),
(972, 3, 32979, 8),
(973, 1, 32980, 54),
(974, 2, 32980, 85),
(975, 3, 32980, 100),
(976, 1, 32981, 30),
(977, 2, 32981, 58),
(978, 3, 32981, 81),
(979, 1, 32982, 39),
(980, 2, 32982, 45),
(981, 3, 32982, 64),
(982, 1, 32983, 20),
(983, 2, 32983, 14),
(984, 3, 32983, 41),
(985, 1, 32984, 54),
(986, 2, 32984, 38),
(987, 3, 32984, 86),
(988, 1, 32985, 67),
(989, 2, 32985, 30),
(990, 3, 32985, 50),
(991, 1, 32986, 74),
(992, 2, 32986, 8),
(993, 3, 32986, 98),
(994, 1, 32987, 19),
(995, 2, 32987, 63),
(996, 3, 32987, 87),
(997, 1, 32988, 56),
(998, 2, 32988, 15),
(999, 3, 32988, 53),
(1000, 1, 32989, 85),
(1001, 2, 32989, 83),
(1002, 3, 32989, 83),
(1003, 1, 32990, 23),
(1004, 2, 32990, 5),
(1005, 3, 32990, 3),
(1006, 1, 32991, 89),
(1007, 2, 32991, 10),
(1008, 3, 32991, 96),
(1009, 1, 32992, 27),
(1010, 2, 32992, 37),
(1011, 3, 32992, 33),
(1012, 1, 32993, 9),
(1013, 2, 32993, 45),
(1014, 3, 32993, 89),
(1015, 1, 32994, 43),
(1016, 2, 32994, 71),
(1017, 3, 32994, 69),
(1018, 1, 32995, 87),
(1019, 2, 32995, 18),
(1020, 3, 32995, 77),
(1021, 1, 32996, 62),
(1022, 2, 32996, 74),
(1023, 3, 32996, 98),
(1024, 1, 32997, 87),
(1025, 2, 32997, 2),
(1026, 3, 32997, 53),
(1027, 1, 32998, 26),
(1028, 2, 32998, 54),
(1029, 3, 32998, 46),
(1030, 1, 32999, 78),
(1031, 2, 32999, 61),
(1032, 3, 32999, 21),
(1033, 1, 33000, 16),
(1034, 2, 33000, 5),
(1035, 3, 33000, 94),
(1036, 1, 33001, 14),
(1037, 2, 33001, 15),
(1038, 3, 33001, 38),
(1039, 1, 33002, 93),
(1040, 2, 33002, 95),
(1041, 3, 33002, 9),
(1042, 1, 33003, 80),
(1043, 2, 33003, 31),
(1044, 3, 33003, 51),
(1045, 1, 33004, 87),
(1046, 2, 33004, 86),
(1047, 3, 33004, 94),
(1048, 1, 33005, 60),
(1049, 2, 33005, 25),
(1050, 3, 33005, 34),
(1051, 1, 33006, 76),
(1052, 2, 33006, 46),
(1053, 3, 33006, 64),
(1054, 1, 33007, 24),
(1055, 2, 33007, 0),
(1056, 3, 33007, 97),
(1057, 1, 33008, 82),
(1058, 2, 33008, 56),
(1059, 3, 33008, 7),
(1060, 1, 33009, 67),
(1061, 2, 33009, 34),
(1062, 3, 33009, 43),
(1063, 1, 33010, 99),
(1064, 2, 33010, 11),
(1065, 3, 33010, 55),
(1066, 1, 33011, 83),
(1067, 2, 33011, 58),
(1068, 3, 33011, 2),
(1069, 1, 33012, 60),
(1070, 2, 33012, 50),
(1071, 3, 33012, 7),
(1072, 1, 33013, 33),
(1073, 2, 33013, 2),
(1074, 3, 33013, 27);

-- --------------------------------------------------------

--
-- Tablo için tablo yapısı `eczadeposu`
--

CREATE TABLE `eczadeposu` (
  `ed_id` int NOT NULL,
  `name` varchar(100) CHARACTER SET utf8mb4 COLLATE utf8mb4_unicode_ci NOT NULL,
  `address` varchar(100) CHARACTER SET utf8mb4 COLLATE utf8mb4_unicode_ci DEFAULT NULL,
  `number` varchar(12) CHARACTER SET utf8mb4 COLLATE utf8mb4_unicode_ci DEFAULT NULL,
  `eposta` varchar(100) CHARACTER SET utf8mb4 COLLATE utf8mb4_unicode_ci DEFAULT NULL,
  `users` int DEFAULT NULL
) ENGINE=InnoDB DEFAULT CHARSET=utf8mb4 COLLATE=utf8mb4_0900_ai_ci;

--
-- Tablo döküm verisi `eczadeposu`
--

INSERT INTO `eczadeposu` (`ed_id`, `name`, `address`, `number`, `eposta`, `users`) VALUES
(1, 'hatice', 'gül mahallesi, sanayi caddesi, No:46, Kadıköy, İstanbul', '0551522125', 'haticek@gmail.com', 8),
(2, 'Ahmet Y', 'Yenimahalle Mahallesi, Çınar Sokak, No:7, Bornova, İzmir', '05541255856', 'ahmety@gmail.com', 10),
(3, 'mehmet', 'Şehitler Mahallesi, 19 Mayıs Caddesi, No: 42, Çankaya, Ankara', '05533211415', 'mehmeta@gmail.com', 11);

-- --------------------------------------------------------

--
-- Tablo için tablo yapısı `eczane`
--

CREATE TABLE `eczane` (
  `eczane_id` int NOT NULL,
  `name` varchar(100) CHARACTER SET utf8mb4 COLLATE utf8mb4_unicode_ci DEFAULT NULL,
  `address` varchar(200) CHARACTER SET utf8mb4 COLLATE utf8mb4_unicode_ci DEFAULT NULL,
  `telefon_numarası` varchar(12) CHARACTER SET utf8mb4 COLLATE utf8mb4_unicode_ci DEFAULT NULL,
  `eposta` varchar(100) CHARACTER SET utf8mb4 COLLATE utf8mb4_unicode_ci DEFAULT NULL,
  `users` int DEFAULT NULL
) ENGINE=InnoDB DEFAULT CHARSET=utf8mb4 COLLATE=utf8mb4_0900_ai_ci;

--
-- Tablo döküm verisi `eczane`
--

INSERT INTO `eczane` (`eczane_id`, `name`, `address`, `telefon_numarası`, `eposta`, `users`) VALUES
(1, 'burcu', 'telsiz mahallesi, aşağı sokak, No: 63, zeytinburnu, istanbul ', '05525522321', 'burcub@gmail.com', 4),
(2, 'zeynep A', 'Bahçelievler Mahallesi, Zambak Caddesi, No:15, Keçiören, Ankara', '05521478996', 'zeynepa@gmail.com', 9);

-- --------------------------------------------------------

--
-- Tablo için tablo yapısı `eczanesiparişleri`
--

CREATE TABLE `eczanesiparişleri` (
  `id` int NOT NULL,
  `depo_name` varchar(100) CHARACTER SET utf8mb4 COLLATE utf8mb4_0900_ai_ci NOT NULL,
  `eczane_name` varchar(100) CHARACTER SET utf8mb4 COLLATE utf8mb4_0900_ai_ci NOT NULL,
  `sipariş_özeti` varchar(2000) CHARACTER SET utf8mb4 COLLATE utf8mb4_0900_ai_ci NOT NULL,
  `sipariş_tarihi` date NOT NULL,
  `method` varchar(100) CHARACTER SET utf8mb4 COLLATE utf8mb4_0900_ai_ci NOT NULL,
  `durum` varchar(50) CHARACTER SET utf8mb4 COLLATE utf8mb4_unicode_ci DEFAULT 'beklemede',
  `toplam_fiyat` decimal(8,2) NOT NULL,
  `number` varchar(12) CHARACTER SET utf8mb4 COLLATE utf8mb4_0900_ai_ci NOT NULL,
  `adres` varchar(100) CHARACTER SET utf8mb4 COLLATE utf8mb4_0900_ai_ci NOT NULL
) ENGINE=InnoDB DEFAULT CHARSET=utf8mb4 COLLATE=utf8mb4_0900_ai_ci;

--
-- Tablo döküm verisi `eczanesiparişleri`
--

INSERT INTO `eczanesiparişleri` (`id`, `depo_name`, `eczane_name`, `sipariş_özeti`, `sipariş_tarihi`, `method`, `durum`, `toplam_fiyat`, `number`, `adres`) VALUES
(1, 'hatice', 'zeynep A', 'AB-Flo-N Tablet (1)', '2024-05-15', 'kapıda ödeme', 'tamamlandı', 186.24, '05544122324', 'Bahçelievler Mahallesi, Zambak Caddesi, No:15, Keçiören, Ankara'),
(2, 'Ahmet Y', 'burcu', 'Avastin 400mg Injection (2)', '2024-05-19', 'kapıda ödeme', 'beklemede', 540.00, '0551522129', 'telsiz mahallesi, aşağı sokak, No: 63, zeytinburnu, istanbul '),
(3, 'hatice', 'zeynep A', 'AB-Flo-N Tablet (2)', '2024-06-16', 'kapıda ödeme', 'beklemede', 372.48, '05544122324', 'Bahçelievler Mahallesi, Zambak Caddesi, No:15, Keçiören, Ankara'),
(4, 'mehmet', 'burcu', 'Augmentin 625 Duo Tablet (3) ', '2024-06-05', 'kredi kartı', 'tamamlandı', 354.00, '0551522129', 'telsiz mahallesi, aşağı sokak, No: 63, dükkan, Zeytinburnu, İstanbul'),
(5, 'Ahmet Y', 'burcu', 'Azithral 500 Tablet (3) , Aricep 5 Tablet (2) , Alex Syrup (4) ', '2024-06-06', 'kredi kartı', 'beklemede', 1181.00, '0551522129', 'telsiz mahallesi, aşağı sokak, No: 63, dükkan, Zeytinburnu, İstanbul');

-- --------------------------------------------------------

--
-- Tablo için tablo yapısı `eczanestok`
--

CREATE TABLE `eczanestok` (
  `es_id` int NOT NULL,
  `eczane_id` int NOT NULL,
  `ilaç_id` int NOT NULL,
  `stok_miktarı` int NOT NULL
) ENGINE=InnoDB DEFAULT CHARSET=utf8mb4 COLLATE=utf8mb4_0900_ai_ci;

--
-- Tablo döküm verisi `eczanestok`
--

INSERT INTO `eczanestok` (`es_id`, `eczane_id`, `ilaç_id`, `stok_miktarı`) VALUES
(1, 1, 32656, 83),
(2, 2, 32656, 76),
(3, 1, 32657, 29),
(4, 2, 32657, 98),
(5, 1, 32658, 76),
(6, 2, 32658, 6),
(7, 1, 32659, 81),
(8, 2, 32659, 3),
(9, 1, 32660, 75),
(10, 2, 32660, 2),
(11, 1, 32661, 35),
(12, 2, 32661, 42),
(13, 1, 32662, 68),
(14, 2, 32662, 54),
(15, 1, 32663, 20),
(16, 2, 32663, 19),
(17, 1, 32664, 80),
(18, 2, 32664, 62),
(19, 1, 32665, 34),
(20, 2, 32665, 18),
(21, 1, 32666, 93),
(22, 2, 32666, 42),
(23, 1, 32667, 10),
(24, 2, 32667, 93),
(25, 1, 32668, 41),
(26, 2, 32668, 19),
(27, 1, 32669, 87),
(28, 2, 32669, 93),
(29, 1, 32670, 98),
(30, 2, 32670, 62),
(31, 1, 32671, 27),
(32, 2, 32671, 74),
(33, 1, 32672, 19),
(34, 2, 32672, 9),
(35, 1, 32673, 39),
(36, 2, 32673, 3),
(37, 1, 32674, 68),
(38, 2, 32674, 63),
(39, 1, 32675, 98),
(40, 2, 32675, 13),
(41, 1, 32676, 73),
(42, 2, 32676, 49),
(43, 1, 32677, 39),
(44, 2, 32677, 8),
(45, 1, 32678, 2),
(46, 2, 32678, 26),
(47, 1, 32679, 61),
(48, 2, 32679, 13),
(49, 1, 32680, 38),
(50, 2, 32680, 98),
(51, 1, 32681, 20),
(52, 2, 32681, 65),
(53, 1, 32682, 1),
(54, 2, 32682, 96),
(55, 1, 32683, 41),
(56, 2, 32683, 55),
(57, 1, 32684, 42),
(58, 2, 32684, 23),
(59, 1, 32685, 27),
(60, 2, 32685, 15),
(61, 1, 32686, 100),
(62, 2, 32686, 35),
(63, 1, 32687, 73),
(64, 2, 32687, 9),
(65, 1, 32688, 97),
(66, 2, 32688, 98),
(67, 1, 32689, 55),
(68, 2, 32689, 98),
(69, 1, 32690, 42),
(70, 2, 32690, 62),
(71, 1, 32691, 30),
(72, 2, 32691, 41),
(73, 1, 32692, 11),
(74, 2, 32692, 99),
(75, 1, 32693, 31),
(76, 2, 32693, 10),
(77, 1, 32694, 85),
(78, 2, 32694, 18),
(79, 1, 32695, 50),
(80, 2, 32695, 34),
(81, 1, 32696, 27),
(82, 2, 32696, 79),
(83, 1, 32697, 67),
(84, 2, 32697, 99),
(85, 1, 32698, 18),
(86, 2, 32698, 44),
(87, 1, 32699, 4),
(88, 2, 32699, 42),
(89, 1, 32700, 12),
(90, 2, 32700, 59),
(91, 1, 32701, 50),
(92, 2, 32701, 17),
(93, 1, 32702, 32),
(94, 2, 32702, 70),
(95, 1, 32703, 27),
(96, 2, 32703, 35),
(97, 1, 32704, 84),
(98, 2, 32704, 74),
(99, 1, 32705, 0),
(100, 2, 32705, 11),
(101, 1, 32706, 86),
(102, 2, 32706, 49),
(103, 1, 32707, 34),
(104, 2, 32707, 9),
(105, 1, 32708, 2),
(106, 2, 32708, 23),
(107, 1, 32709, 11),
(108, 2, 32709, 31),
(109, 1, 32710, 70),
(110, 2, 32710, 30),
(111, 1, 32711, 12),
(112, 2, 32711, 17),
(113, 1, 32712, 51),
(114, 2, 32712, 56),
(115, 1, 32713, 10),
(116, 2, 32713, 74),
(117, 1, 32714, 73),
(118, 2, 32714, 41),
(119, 1, 32715, 90),
(120, 2, 32715, 43),
(121, 1, 32716, 60),
(122, 2, 32716, 26),
(123, 1, 32717, 96),
(124, 2, 32717, 9),
(125, 1, 32718, 77),
(126, 2, 32718, 47),
(127, 1, 32719, 68),
(128, 2, 32719, 39),
(129, 1, 32720, 58),
(130, 2, 32720, 76),
(131, 1, 32721, 88),
(132, 2, 32721, 30),
(133, 1, 32722, 66),
(134, 2, 32722, 2),
(135, 1, 32723, 95),
(136, 2, 32723, 67),
(137, 1, 32724, 0),
(138, 2, 32724, 21),
(139, 1, 32725, 86),
(140, 2, 32725, 47),
(141, 1, 32726, 20),
(142, 2, 32726, 34),
(143, 1, 32727, 98),
(144, 2, 32727, 1),
(145, 1, 32728, 94),
(146, 2, 32728, 24),
(147, 1, 32729, 99),
(148, 2, 32729, 6),
(149, 1, 32730, 83),
(150, 2, 32730, 70),
(151, 1, 32731, 86),
(152, 2, 32731, 32),
(153, 1, 32732, 95),
(154, 2, 32732, 28),
(155, 1, 32733, 16),
(156, 2, 32733, 22),
(157, 1, 32734, 70),
(158, 2, 32734, 79),
(159, 1, 32735, 78),
(160, 2, 32735, 54),
(161, 1, 32736, 90),
(162, 2, 32736, 61),
(163, 1, 32737, 4),
(164, 2, 32737, 80),
(165, 1, 32738, 22),
(166, 2, 32738, 32),
(167, 1, 32739, 33),
(168, 2, 32739, 58),
(169, 1, 32740, 26),
(170, 2, 32740, 8),
(171, 1, 32741, 11),
(172, 2, 32741, 43),
(173, 1, 32742, 25),
(174, 2, 32742, 2),
(175, 1, 32743, 13),
(176, 2, 32743, 60),
(177, 1, 32744, 8),
(178, 2, 32744, 89),
(179, 1, 32745, 58),
(180, 2, 32745, 1),
(181, 1, 32746, 14),
(182, 2, 32746, 21),
(183, 1, 32747, 77),
(184, 2, 32747, 22),
(185, 1, 32748, 4),
(186, 2, 32748, 0),
(187, 1, 32749, 47),
(188, 2, 32749, 10),
(189, 1, 32750, 78),
(190, 2, 32750, 75),
(191, 1, 32751, 81),
(192, 2, 32751, 70),
(193, 1, 32752, 17),
(194, 2, 32752, 69),
(195, 1, 32753, 5),
(196, 2, 32753, 70),
(197, 1, 32754, 29),
(198, 2, 32754, 45),
(199, 1, 32755, 60),
(200, 2, 32755, 92),
(201, 1, 32756, 32),
(202, 2, 32756, 56),
(203, 1, 32757, 60),
(204, 2, 32757, 15),
(205, 1, 32758, 46),
(206, 2, 32758, 41),
(207, 1, 32759, 29),
(208, 2, 32759, 53),
(209, 1, 32760, 13),
(210, 2, 32760, 77),
(211, 1, 32761, 75),
(212, 2, 32761, 23),
(213, 1, 32762, 9),
(214, 2, 32762, 16),
(215, 1, 32763, 16),
(216, 2, 32763, 16),
(217, 1, 32764, 83),
(218, 2, 32764, 30),
(219, 1, 32765, 50),
(220, 2, 32765, 64),
(221, 1, 32766, 90),
(222, 2, 32766, 17),
(223, 1, 32767, 83),
(224, 2, 32767, 48),
(225, 1, 32768, 96),
(226, 2, 32768, 37),
(227, 1, 32769, 77),
(228, 2, 32769, 100),
(229, 1, 32770, 9),
(230, 2, 32770, 67),
(231, 1, 32771, 43),
(232, 2, 32771, 84),
(233, 1, 32772, 58),
(234, 2, 32772, 1),
(235, 1, 32773, 42),
(236, 2, 32773, 81),
(237, 1, 32774, 98),
(238, 2, 32774, 8),
(239, 1, 32775, 34),
(240, 2, 32775, 11),
(241, 1, 32776, 45),
(242, 2, 32776, 76),
(243, 1, 32777, 5),
(244, 2, 32777, 17),
(245, 1, 32778, 64),
(246, 2, 32778, 21),
(247, 1, 32779, 19),
(248, 2, 32779, 2),
(249, 1, 32780, 94),
(250, 2, 32780, 85),
(251, 1, 32781, 86),
(252, 2, 32781, 66),
(253, 1, 32782, 41),
(254, 2, 32782, 48),
(255, 1, 32783, 53),
(256, 2, 32783, 79),
(257, 1, 32784, 100),
(258, 2, 32784, 6),
(259, 1, 32785, 54),
(260, 2, 32785, 34),
(261, 1, 32786, 19),
(262, 2, 32786, 17),
(263, 1, 32787, 43),
(264, 2, 32787, 83),
(265, 1, 32788, 87),
(266, 2, 32788, 83),
(267, 1, 32789, 100),
(268, 2, 32789, 20),
(269, 1, 32790, 43),
(270, 2, 32790, 7),
(271, 1, 32791, 75),
(272, 2, 32791, 56),
(273, 1, 32792, 69),
(274, 2, 32792, 77),
(275, 1, 32793, 78),
(276, 2, 32793, 40),
(277, 1, 32794, 19),
(278, 2, 32794, 60),
(279, 1, 32795, 46),
(280, 2, 32795, 57),
(281, 1, 32796, 49),
(282, 2, 32796, 46),
(283, 1, 32797, 62),
(284, 2, 32797, 1),
(285, 1, 32798, 69),
(286, 2, 32798, 23),
(287, 1, 32799, 64),
(288, 2, 32799, 71),
(289, 1, 32800, 44),
(290, 2, 32800, 32),
(291, 1, 32801, 83),
(292, 2, 32801, 83),
(293, 1, 32802, 85),
(294, 2, 32802, 97),
(295, 1, 32803, 55),
(296, 2, 32803, 47),
(297, 1, 32804, 39),
(298, 2, 32804, 44),
(299, 1, 32805, 13),
(300, 2, 32805, 90),
(301, 1, 32806, 14),
(302, 2, 32806, 70),
(303, 1, 32807, 63),
(304, 2, 32807, 96),
(305, 1, 32808, 14),
(306, 2, 32808, 57),
(307, 1, 32809, 39),
(308, 2, 32809, 2),
(309, 1, 32810, 5),
(310, 2, 32810, 88),
(311, 1, 32811, 46),
(312, 2, 32811, 22),
(313, 1, 32812, 9),
(314, 2, 32812, 87),
(315, 1, 32813, 31),
(316, 2, 32813, 9),
(317, 1, 32814, 64),
(318, 2, 32814, 69),
(319, 1, 32815, 49),
(320, 2, 32815, 64),
(321, 1, 32816, 62),
(322, 2, 32816, 81),
(323, 1, 32817, 2),
(324, 2, 32817, 41),
(325, 1, 32818, 98),
(326, 2, 32818, 17),
(327, 1, 32819, 69),
(328, 2, 32819, 38),
(329, 1, 32820, 51),
(330, 2, 32820, 40),
(331, 1, 32821, 54),
(332, 2, 32821, 13),
(333, 1, 32822, 9),
(334, 2, 32822, 43),
(335, 1, 32823, 52),
(336, 2, 32823, 48),
(337, 1, 32824, 80),
(338, 2, 32824, 65),
(339, 1, 32825, 98),
(340, 2, 32825, 8),
(341, 1, 32826, 28),
(342, 2, 32826, 84),
(343, 1, 32827, 65),
(344, 2, 32827, 84),
(345, 1, 32828, 82),
(346, 2, 32828, 16),
(347, 1, 32829, 1),
(348, 2, 32829, 73),
(349, 1, 32830, 95),
(350, 2, 32830, 85),
(351, 1, 32831, 76),
(352, 2, 32831, 56),
(353, 1, 32832, 78),
(354, 2, 32832, 100),
(355, 1, 32833, 29),
(356, 2, 32833, 27),
(357, 1, 32834, 30),
(358, 2, 32834, 32),
(359, 1, 32835, 53),
(360, 2, 32835, 26),
(361, 1, 32836, 11),
(362, 2, 32836, 52),
(363, 1, 32837, 83),
(364, 2, 32837, 3),
(365, 1, 32838, 43),
(366, 2, 32838, 29),
(367, 1, 32839, 31),
(368, 2, 32839, 19),
(369, 1, 32840, 58),
(370, 2, 32840, 21),
(371, 1, 32841, 4),
(372, 2, 32841, 81),
(373, 1, 32842, 34),
(374, 2, 32842, 0),
(375, 1, 32843, 92),
(376, 2, 32843, 39),
(377, 1, 32844, 1),
(378, 2, 32844, 1),
(379, 1, 32845, 55),
(380, 2, 32845, 28),
(381, 1, 32846, 60),
(382, 2, 32846, 12),
(383, 1, 32847, 32),
(384, 2, 32847, 93),
(385, 1, 32848, 75),
(386, 2, 32848, 70),
(387, 1, 32849, 10),
(388, 2, 32849, 38),
(389, 1, 32850, 30),
(390, 2, 32850, 27),
(391, 1, 32851, 68),
(392, 2, 32851, 75),
(393, 1, 32852, 78),
(394, 2, 32852, 97),
(395, 1, 32853, 13),
(396, 2, 32853, 64),
(397, 1, 32854, 90),
(398, 2, 32854, 26),
(399, 1, 32855, 23),
(400, 2, 32855, 50),
(401, 1, 32856, 43),
(402, 2, 32856, 1),
(403, 1, 32857, 97),
(404, 2, 32857, 23),
(405, 1, 32858, 100),
(406, 2, 32858, 100),
(407, 1, 32859, 36),
(408, 2, 32859, 80),
(409, 1, 32860, 100),
(410, 2, 32860, 78),
(411, 1, 32861, 88),
(412, 2, 32861, 12),
(413, 1, 32862, 28),
(414, 2, 32862, 8),
(415, 1, 32863, 29),
(416, 2, 32863, 28),
(417, 1, 32864, 80),
(418, 2, 32864, 33),
(419, 1, 32865, 51),
(420, 2, 32865, 50),
(421, 1, 32866, 68),
(422, 2, 32866, 65),
(423, 1, 32867, 14),
(424, 2, 32867, 9),
(425, 1, 32868, 25),
(426, 2, 32868, 61),
(427, 1, 32869, 60),
(428, 2, 32869, 16),
(429, 1, 32870, 19),
(430, 2, 32870, 68),
(431, 1, 32871, 36),
(432, 2, 32871, 57),
(433, 1, 32872, 54),
(434, 2, 32872, 2),
(435, 1, 32873, 40),
(436, 2, 32873, 18),
(437, 1, 32874, 49),
(438, 2, 32874, 16),
(439, 1, 32875, 84),
(440, 2, 32875, 18),
(441, 1, 32876, 4),
(442, 2, 32876, 62),
(443, 1, 32877, 25),
(444, 2, 32877, 36),
(445, 1, 32878, 66),
(446, 2, 32878, 49),
(447, 1, 32879, 82),
(448, 2, 32879, 62),
(449, 1, 32880, 91),
(450, 2, 32880, 83),
(451, 1, 32881, 26),
(452, 2, 32881, 12),
(453, 1, 32882, 90),
(454, 2, 32882, 94),
(455, 1, 32883, 70),
(456, 2, 32883, 14),
(457, 1, 32884, 64),
(458, 2, 32884, 23),
(459, 1, 32885, 29),
(460, 2, 32885, 12),
(461, 1, 32886, 52),
(462, 2, 32886, 36),
(463, 1, 32887, 68),
(464, 2, 32887, 62),
(465, 1, 32888, 60),
(466, 2, 32888, 43),
(467, 1, 32889, 39),
(468, 2, 32889, 17),
(469, 1, 32890, 8),
(470, 2, 32890, 52),
(471, 1, 32891, 34),
(472, 2, 32891, 47),
(473, 1, 32892, 56),
(474, 2, 32892, 24),
(475, 1, 32893, 62),
(476, 2, 32893, 40),
(477, 1, 32894, 4),
(478, 2, 32894, 36),
(479, 1, 32895, 73),
(480, 2, 32895, 1),
(481, 1, 32896, 0),
(482, 2, 32896, 72),
(483, 1, 32897, 53),
(484, 2, 32897, 40),
(485, 1, 32898, 57),
(486, 2, 32898, 64),
(487, 1, 32899, 41),
(488, 2, 32899, 31),
(489, 1, 32900, 95),
(490, 2, 32900, 69),
(491, 1, 32901, 8),
(492, 2, 32901, 26),
(493, 1, 32902, 73),
(494, 2, 32902, 76),
(495, 1, 32903, 87),
(496, 2, 32903, 49),
(497, 1, 32904, 13),
(498, 2, 32904, 30),
(499, 1, 32905, 80),
(500, 2, 32905, 39),
(501, 1, 32906, 50),
(502, 2, 32906, 87),
(503, 1, 32907, 45),
(504, 2, 32907, 65),
(505, 1, 32908, 32),
(506, 2, 32908, 18),
(507, 1, 32909, 29),
(508, 2, 32909, 67),
(509, 1, 32910, 9),
(510, 2, 32910, 81),
(511, 1, 32911, 2),
(512, 2, 32911, 97),
(513, 1, 32912, 55),
(514, 2, 32912, 75),
(515, 1, 32913, 85),
(516, 2, 32913, 23),
(517, 1, 32914, 53),
(518, 2, 32914, 22),
(519, 1, 32915, 37),
(520, 2, 32915, 24),
(521, 1, 32916, 92),
(522, 2, 32916, 56),
(523, 1, 32917, 47),
(524, 2, 32917, 23),
(525, 1, 32918, 1),
(526, 2, 32918, 48),
(527, 1, 32919, 76),
(528, 2, 32919, 47),
(529, 1, 32920, 59),
(530, 2, 32920, 91),
(531, 1, 32921, 60),
(532, 2, 32921, 58),
(533, 1, 32922, 79),
(534, 2, 32922, 39),
(535, 1, 32923, 11),
(536, 2, 32923, 78),
(537, 1, 32924, 62),
(538, 2, 32924, 72),
(539, 1, 32925, 36),
(540, 2, 32925, 59),
(541, 1, 32926, 4),
(542, 2, 32926, 79),
(543, 1, 32927, 37),
(544, 2, 32927, 17),
(545, 1, 32928, 93),
(546, 2, 32928, 29),
(547, 1, 32929, 19),
(548, 2, 32929, 21),
(549, 1, 32930, 34),
(550, 2, 32930, 66),
(551, 1, 32931, 1),
(552, 2, 32931, 31),
(553, 1, 32932, 61),
(554, 2, 32932, 93),
(555, 1, 32933, 96),
(556, 2, 32933, 30),
(557, 1, 32934, 7),
(558, 2, 32934, 95),
(559, 1, 32935, 46),
(560, 2, 32935, 80),
(561, 1, 32936, 57),
(562, 2, 32936, 25),
(563, 1, 32937, 31),
(564, 2, 32937, 16),
(565, 1, 32938, 1),
(566, 2, 32938, 26),
(567, 1, 32939, 73),
(568, 2, 32939, 25),
(569, 1, 32940, 58),
(570, 2, 32940, 6),
(571, 1, 32941, 37),
(572, 2, 32941, 18),
(573, 1, 32942, 35),
(574, 2, 32942, 92),
(575, 1, 32943, 61),
(576, 2, 32943, 48),
(577, 1, 32944, 46),
(578, 2, 32944, 9),
(579, 1, 32945, 67),
(580, 2, 32945, 64),
(581, 1, 32946, 5),
(582, 2, 32946, 41),
(583, 1, 32947, 89),
(584, 2, 32947, 17),
(585, 1, 32948, 87),
(586, 2, 32948, 27),
(587, 1, 32949, 59),
(588, 2, 32949, 18),
(589, 1, 32950, 27),
(590, 2, 32950, 5),
(591, 1, 32951, 94),
(592, 2, 32951, 77),
(593, 1, 32952, 25),
(594, 2, 32952, 46),
(595, 1, 32953, 53),
(596, 2, 32953, 10),
(597, 1, 32954, 39),
(598, 2, 32954, 5),
(599, 1, 32955, 92),
(600, 2, 32955, 36),
(601, 1, 32956, 27),
(602, 2, 32956, 69),
(603, 1, 32957, 46),
(604, 2, 32957, 24),
(605, 1, 32958, 12),
(606, 2, 32958, 44),
(607, 1, 32959, 30),
(608, 2, 32959, 37),
(609, 1, 32960, 15),
(610, 2, 32960, 45),
(611, 1, 32961, 76),
(612, 2, 32961, 11),
(613, 1, 32962, 17),
(614, 2, 32962, 48),
(615, 1, 32963, 89),
(616, 2, 32963, 34),
(617, 1, 32964, 46),
(618, 2, 32964, 24),
(619, 1, 32965, 83),
(620, 2, 32965, 19),
(621, 1, 32966, 22),
(622, 2, 32966, 71),
(623, 1, 32967, 79),
(624, 2, 32967, 40),
(625, 1, 32968, 75),
(626, 2, 32968, 66),
(627, 1, 32969, 33),
(628, 2, 32969, 18),
(629, 1, 32970, 65),
(630, 2, 32970, 26),
(631, 1, 32971, 70),
(632, 2, 32971, 41),
(633, 1, 32972, 31),
(634, 2, 32972, 32),
(635, 1, 32973, 13),
(636, 2, 32973, 83),
(637, 1, 32974, 36),
(638, 2, 32974, 42),
(639, 1, 32975, 91),
(640, 2, 32975, 84),
(641, 1, 32976, 95),
(642, 2, 32976, 98),
(643, 1, 32977, 97),
(644, 2, 32977, 17),
(645, 1, 32978, 83),
(646, 2, 32978, 61),
(647, 1, 32979, 77),
(648, 2, 32979, 13),
(649, 1, 32980, 23),
(650, 2, 32980, 18),
(651, 1, 32981, 68),
(652, 2, 32981, 36),
(653, 1, 32982, 0),
(654, 2, 32982, 98),
(655, 1, 32983, 92),
(656, 2, 32983, 80),
(657, 1, 32984, 32),
(658, 2, 32984, 83),
(659, 1, 32985, 29),
(660, 2, 32985, 12),
(661, 1, 32986, 40),
(662, 2, 32986, 64),
(663, 1, 32987, 50),
(664, 2, 32987, 87),
(665, 1, 32988, 73),
(666, 2, 32988, 98),
(667, 1, 32989, 67),
(668, 2, 32989, 82),
(669, 1, 32990, 52),
(670, 2, 32990, 90),
(671, 1, 32991, 20),
(672, 2, 32991, 55),
(673, 1, 32992, 32),
(674, 2, 32992, 80),
(675, 1, 32993, 70),
(676, 2, 32993, 45),
(677, 1, 32994, 3),
(678, 2, 32994, 75),
(679, 1, 32995, 81),
(680, 2, 32995, 56),
(681, 1, 32996, 3),
(682, 2, 32996, 60),
(683, 1, 32997, 98),
(684, 2, 32997, 87),
(685, 1, 32998, 16),
(686, 2, 32998, 58),
(687, 1, 32999, 92),
(688, 2, 32999, 70),
(689, 1, 33000, 83),
(690, 2, 33000, 55),
(691, 1, 33001, 24),
(692, 2, 33001, 89),
(693, 1, 33002, 56),
(694, 2, 33002, 63),
(695, 1, 33003, 32),
(696, 2, 33003, 83),
(697, 1, 33004, 88),
(698, 2, 33004, 11),
(699, 1, 33005, 84),
(700, 2, 33005, 19),
(701, 1, 33006, 82),
(702, 2, 33006, 42),
(703, 1, 33007, 100),
(704, 2, 33007, 71),
(705, 1, 33008, 37),
(706, 2, 33008, 15),
(707, 1, 33009, 56),
(708, 2, 33009, 63),
(709, 1, 33010, 63),
(710, 2, 33010, 37),
(711, 1, 33011, 36),
(712, 2, 33011, 19),
(713, 1, 33012, 70),
(714, 2, 33012, 54),
(715, 1, 33013, 55),
(716, 2, 33013, 62);

-- --------------------------------------------------------

--
-- Tablo için tablo yapısı `message`
--

CREATE TABLE `message` (
  `id` int NOT NULL,
  `user_id` int NOT NULL,
  `name` varchar(100) CHARACTER SET utf8mb4 COLLATE utf8mb4_0900_ai_ci NOT NULL,
  `eczane_name` varchar(100) CHARACTER SET utf8mb4 COLLATE utf8mb4_0900_ai_ci NOT NULL,
  `email` varchar(100) CHARACTER SET utf8mb4 COLLATE utf8mb4_0900_ai_ci NOT NULL,
  `number` varchar(12) CHARACTER SET utf8mb4 COLLATE utf8mb4_0900_ai_ci NOT NULL,
  `message` varchar(500) CHARACTER SET utf8mb4 COLLATE utf8mb4_0900_ai_ci NOT NULL
) ENGINE=InnoDB DEFAULT CHARSET=utf8mb4 COLLATE=utf8mb4_0900_ai_ci;

--
-- Tablo döküm verisi `message`
--

INSERT INTO `message` (`id`, `user_id`, `name`, `eczane_name`, `email`, `number`, `message`) VALUES
(1, 3, 'Fatmanur', 'burcu', 'fatmanura@gmail.com', '05055416263', 'Merhaba!');

-- --------------------------------------------------------

--
-- Tablo için tablo yapısı `products`
--

CREATE TABLE `products` (
  `ilaç_id` int NOT NULL,
  `name` varchar(500) CHARACTER SET utf8mb4 COLLATE utf8mb4_0900_ai_ci NOT NULL,
  `price` float NOT NULL,
  `image` varchar(1000) CHARACTER SET utf8mb4 COLLATE utf8mb4_0900_ai_ci NOT NULL,
  `composition` varchar(1000) CHARACTER SET utf8mb4 COLLATE utf8mb4_0900_ai_ci NOT NULL,
  `skt` datetime NOT NULL,
  `barcode` varchar(20) CHARACTER SET utf8mb4 COLLATE utf8mb4_0900_ai_ci NOT NULL,
  `side_effect` varchar(1000) CHARACTER SET utf8mb4 COLLATE utf8mb4_0900_ai_ci NOT NULL,
  `uses` varchar(1000) CHARACTER SET utf8mb4 COLLATE utf8mb4_0900_ai_ci NOT NULL
) ENGINE=InnoDB DEFAULT CHARSET=utf8mb4 COLLATE=utf8mb4_0900_ai_ci;

--
-- Tablo döküm verisi `products`
--

INSERT INTO `products` (`ilaç_id`, `name`, `price`, `image`, `composition`, `skt`, `barcode`, `side_effect`, `uses`) VALUES
(32656, 'Avastin 400mg Injection', 270, 'f5a26c491e4d48199ab116a69a969be3.jpg', 'Bevacizumab (400mg)', '2023-11-03 00:00:00', '914961857', 'Rectal bleeding Taste change Headache Nosebleeds Back pain Dry skin High blood pressure Protein in urine Inflammation of the nose', ' Cancer of colon and rectum Non-small cell lung cancer Kidney cancer Brain tumor Ovarian cancer Cervical cancer'),
(32657, 'Augmentin 625 Duo Tablet', 118.32, 'wy2y9bdipmh6rgkrj0zm.jpg', 'Amoxycillin  (500mg) +  Clavulanic Acid (125mg)', '2024-02-12 00:00:00', '309224981', 'Vomiting Nausea Diarrhea Mucocutaneous candidiasis', 'Treatment of Bacterial infections'),
(32658, 'Azithral 500 Tablet', 104.86, 'kqkouvaqejbyk47dvjfu.jpg', 'Azithromycin (500mg)', '2023-08-01 00:00:00', '292634086', 'Nausea Abdominal pain Diarrhea', 'Treatment of Bacterial infections'),
(32659, 'Ascoril LS Syrup', 111.27, '3205599cc49d4073ae66cbb0dbfded86.jpg', 'Ambroxol (30mg/5ml) + Levosalbutamol (1mg/5ml) + Guaifenesin (50mg/5ml)', '2023-05-18 00:00:00', '293422731', 'Nausea Vomiting Diarrhea Upset stomach Stomach pain Allergic reaction Dizziness Headache Rash Hives Tremors Palpitations Muscle cramp Increased heart rate', 'Treatment of Cough with mucus'),
(32660, 'Aciloc 150 Tablet', 297.58, 'pn7apngctvrtweencwi1.jpg', 'Ranitidine (150mg)', '2023-06-11 00:00:00', '200785027', 'Headache Diarrhea Gastrointestinal disturbance', 'Treatment of Gastroesophageal reflux disease (Acid reflux)Treatment of Peptic ulcer disease'),
(32661, 'Allegra 120mg Tablet', 236.95, 'fa7427131ec64163b5bbafb529df0736.jpg', 'Fexofenadine (120mg)', '2024-03-26 00:00:00', '84722982', 'Headache Drowsiness Dizziness Nausea', 'Treatment of Sneezing and runny nose due to allergiesTreatment of Allergic conditions'),
(32662, 'Avil 25 Tablet', 192.07, 'mmsye6bf97tkcocat24j.jpg', 'Pheniramine (25mg)', '2023-12-29 00:00:00', '159326689', 'Sedation', 'Treatment of Allergic conditionsTreatment of Respiratory disease with excessive mucusTreatment of Skin conditions with inflammation & itchingTreatment and prevention of Meniere\'s disease'),
(32663, 'Aricep 5 Tablet', 239.15, 'd7ojjdaw2gsm5sie1glu.jpg', 'Donepezil (5mg)', '2023-06-06 00:00:00', '745240775', 'Common cold Urinary incontinence Rash Nausea Diarrhea Insomnia difficulty in sleeping Weight loss Accidental injury', ' Alzheimer\'s disease'),
(32664, 'Amoxyclav 625 Tablet', 180.08, 'acaa6608e016456f9cafcca2156ad3de.jpg', 'Amoxycillin  (500mg) +  Clavulanic Acid (125mg)', '2024-03-29 00:00:00', '194884169', 'Vomiting Nausea Diarrhea Mucocutaneous candidiasis', 'Treatment of Bacterial infections'),
(32665, 'Atarax 25mg Tablet', 260.94, 'v9py58kciridvbi7bqls.jpg', 'Hydroxyzine (25mg)', '2023-07-08 00:00:00', '161810937', 'Sedation Nausea Vomiting Upset stomach Constipation', 'Treatment of AnxietyTreatment of Skin conditions with inflammation & itching'),
(32666, 'Azee 500 Tablet', 128.24, 'jbpnjvst3ph0xnrq199o.jpg', 'Azithromycin (500mg)', '2024-05-08 00:00:00', '361391864', 'Nausea Abdominal pain Diarrhea', 'Treatment of Bacterial infections'),
(32667, 'Anovate Cream', 61.76, 'gnsem6ircqxmwmjkprkw.jpg', 'Phenylephrine (0.10% w/w) + Beclometasone (0.025% w/w) + Lidocaine (2.50% w/w)', '2024-04-24 00:00:00', '61118839', 'Application site reactions burning irritation itching and redness', 'Treatment of Piles'),
(32668, 'Allegra-M Tablet', 298.87, 'eh4vt8l9fuo4nvx3qwif.jpg', 'Montelukast (10mg) + Fexofenadine (120mg)', '2024-04-03 00:00:00', '384555197', 'Nausea Diarrhea Vomiting Skin rash Flu like symptoms Headache Drowsiness Dizziness', 'Treatment of Sneezing and runny nose due to allergies'),
(32669, 'Ascoril D Plus Syrup Sugar Free', 242.74, '9fe5ed4f4fce4eaea6588d2ce60115ec.jpg', 'Phenylephrine (5mg) + Chlorpheniramine Maleate (2mg) + Dextromethorphan Hydrobromide (10mg)', '2024-03-25 00:00:00', '182050021', 'Nausea Vomiting Loss of appetite Headache', 'Treatment of Dry cough'),
(32670, 'Alex Syrup', 97.38, 'mqdfwomjrjv3lvlq08ae.jpg', 'Phenylephrine (5mg/5ml) + Chlorpheniramine Maleate (2mg/5ml) + Dextromethorphan Hydrobromide (10mg/5ml)', '2023-08-18 00:00:00', '798302653', 'Nausea Vomiting Loss of appetite Headache', 'Treatment of Dry cough'),
(32671, 'Armotraz Tablet', 177.06, 'sytnbc3dtkhxddk5smxs.jpg', 'Anastrozole (1mg)', '2023-09-25 00:00:00', '423590991', 'Hot flashes Nausea Osteoporosis Skin rash Weakness', ' Breast cancer'),
(32672, 'Augmentin Duo Oral Suspension', 126.45, 'hg4gkjmjrg9956tqtmoz.jpg', 'Amoxycillin  (200mg) +  Clavulanic Acid (28.5mg)', '2023-12-20 00:00:00', '548524927', 'Abdominal pain Allergy Vomiting Nausea Diarrhea Mucocutaneous candidiasis', 'Treatment of Resistance Tuberculosis (TB)Treatment of Bacterial infections'),
(32673, 'Albendazole 400mg Tablet', 156.91, 'c3f704ec89504863915d4433a19d0014.jpg', 'Albendazole (400mg)', '2023-07-08 00:00:00', '626309091', 'Vomiting Dizziness Increased liver enzymes Nausea Loss of appetite', 'Treatment of Parasitic infections'),
(32674, 'Arkamin Tablet', 54.99, 'kvdgswy8eyzkwmulwlyf.jpg', 'Clonidine (100mcg)', '2023-10-14 00:00:00', '977971461', 'Dryness in mouth Fatigue Dizziness Headache Nausea Sleepiness Insomnia difficulty in sleeping', 'Treatment of Hypertension (high blood pressure)'),
(32675, 'Allegra 180mg Tablet', 149.21, '6103f02e6df148fda2a8fd6e87008179.jpg', 'Fexofenadine (180mg)', '2024-02-07 00:00:00', '522805875', 'Headache Drowsiness Dizziness Nausea', 'Treatment of Sneezing and runny nose due to allergiesTreatment of Allergic conditions'),
(32676, 'Altraday Capsule SR', 166.11, 'ahmbxmi2bd1wiojpxqld.jpg', 'Aceclofenac (200mg) + Rabeprazole (20mg)', '2024-03-28 00:00:00', '68801312', 'Nausea Flatulence Indigestion Diarrhea Constipation', ' Pain relief'),
(32677, 'Atarax 10mg Tablet', 279.48, '78d80a6bca96417f83c6d38c5c140c0b.jpg', 'Hydroxyzine (10mg)', '2024-04-26 00:00:00', '493872229', 'Sedation Nausea Vomiting Upset stomach Constipation', 'Treatment of AnxietyTreatment of Skin conditions with inflammation & itching'),
(32678, 'Aldigesic-SP Tablet', 259.43, '86cc6259fcc8462f876cdeb85d9aa87d.jpg', 'Aceclofenac (100mg) + Paracetamol (325mg) + Serratiopeptidase (10mg)', '2024-01-06 00:00:00', '318849815', 'Nausea Vomiting Stomach pain Indigestion Heartburn Loss of appetite Diarrhea', ' Pain relief'),
(32679, 'Aldactone Tablet', 80.25, 'thkgrdicoq6adxgpwu2e.jpg', 'Spironolactone (25mg)', '2023-09-27 00:00:00', '792045791', 'Nausea Vomiting Leg cramps Dizziness Drowsiness Confusion Breast enlargement in male Increased creatinine level in blood', ' Hypertension (high blood pressure) Edema Low potassium Heart failure'),
(32680, 'Aricep 10 Tablet', 60.23, 'fgnxl4znhmpzu2r0mals.jpg', 'Donepezil (10mg)', '2024-01-29 00:00:00', '745955213', 'Common cold Urinary incontinence Rash Nausea Diarrhea Insomnia difficulty in sleeping Weight loss Accidental injury', ' Alzheimer\'s disease'),
(32681, 'Aricep-M  Tablet', 251.48, 'a458dc3089a64183962fe107b20f3481.jpg', 'Donepezil (5mg) + Memantine (5mg)', '2023-08-12 00:00:00', '601030540', 'Nausea Vomiting Loss of appetite Diarrhea Headache Dizziness Bleeding under the skin', ' Alzheimer\'s disease'),
(32682, 'Andre I-Kul Eye Drop', 141.11, '0d82813d035349cea0c99da3fd52469d.jpg', 'Camphor (0.01% w/v) + Menthol (0.005% w/v) + Naphazoline (0.05% w/v) + Phenylephrine (0.12% w/v)', '2023-12-25 00:00:00', '827111336', 'Eye pain Eye irritation Stinging in the eyes Blurred vision Photophobia', 'Treatment of Allergic eye disease'),
(32683, 'Anafortan 25 mg/300 mg Tablet', 173.19, '4424607f37424d51b2aac2c9d8b18ecd.jpg', 'Camylofin (25mg) + Paracetamol (300mg)', '2023-05-27 00:00:00', '197960244', 'Dryness in mouth Constipation Blurred vision Increased heart rate', 'Treatment of Abdominal pain'),
(32684, 'Atarax Syrup', 205.22, 'ktaklgpxpq94qk1tfffg.jpg', 'Hydroxyzine (10mg)', '2023-07-21 00:00:00', '745767124', 'Sedation Nausea Vomiting Upset stomach Constipation', 'Treatment of AnxietyTreatment of Skin conditions with inflammation & itching'),
(32685, 'Ambrodil-S Syrup', 263.32, 'c25660f6b3f2447ea4666a0780982a3f.jpg', 'Ambroxol (15mg/5ml) + Salbutamol (1mg/5ml)', '2023-12-19 00:00:00', '693679946', 'Headache Palpitations Upset stomach Tremors Muscle cramp Allergic reaction Increased heart rate', 'Treatment of Cough'),
(32686, 'Asthakind-DX Syrup Sugar Free', 178.86, '769827d9bf334847a74374b4af97921a.jpg', 'Phenylephrine (5mg/5ml) + Chlorpheniramine Maleate (2mg/5ml) + Dextromethorphan Hydrobromide (15mg/5ml)', '2023-08-02 00:00:00', '255631083', 'Nausea Vomiting Loss of appetite Headache', 'Treatment of Dry cough'),
(32687, 'Aceclo Plus Tablet', 146.52, 'qdjkuq9eipidsadmcosn.jpg', 'Aceclofenac (100mg) + Paracetamol (325mg)', '2023-12-17 00:00:00', '938859159', 'Nausea Vomiting Stomach pain epigastric pain Loss of appetite Heartburn Diarrhea', ' Pain relief'),
(32688, 'Althrocin 500 Tablet', 138.34, 'suqhdntiejebthfbdpy0.jpg', 'Erythromycin (500mg)', '2024-03-30 00:00:00', '514487140', 'Vomiting Nausea Abdominal pain Diarrhea', 'Treatment of Bacterial infections'),
(32689, 'Asthalin Syrup', 85, '45fbf90154794c7dae0630d5c201f368.jpg', 'Salbutamol (2mg/5ml)', '2023-10-28 00:00:00', '416890224', 'Tremors Headache Palpitations Increased heart rate Muscle cramp Nervousness', 'Treatment of Chronic obstructive pulmonary disease (COPD)Treatment and prevention of Asthma'),
(32690, 'Arachitol 6L Injection', 105.84, '485c7b62664a44fd984080ee0ee15906.jpg', 'Vitamin D3 (600000IU)', '2024-03-16 00:00:00', '664980131', 'Injection site reactions pain swelling redness Weakness Muscle pain Metallic taste', 'Treatment of Vitamin D deficiencyTreatment of Osteoporosis'),
(32691, 'Alfoo 10mg Tablet PR', 193.6, 'a34pbmqti99hu1y1zz5r.jpg', 'Alfuzosin (10mg)', '2024-04-12 00:00:00', '693612919', 'Upper respiratory tract infection Dizziness Headache Nausea Abdominal pain Impotence', 'Treatment of Benign prostatic hyperplasia'),
(32692, 'Azithral 200 Liquid', 245.52, 'mbdxk2kboh3llijyaao2.jpg', 'Azithromycin (200mg/5ml)', '2023-06-08 00:00:00', '408982294', 'Nausea Abdominal pain Diarrhea', 'Treatment of Bacterial infections'),
(32693, 'Acemiz Plus Tablet', 171.79, 'm7bioz7rvmxcfshqu3iz.jpg', 'Aceclofenac (100mg) + Paracetamol (325mg)', '2023-12-30 00:00:00', '924597124', 'Nausea Vomiting Stomach pain epigastric pain Loss of appetite Heartburn Diarrhea', ' Pain relief'),
(32694, 'Allegra Suspension Raspberry &amp; Vanilla', 283.68, '9ddf89aa480145c6830f45e48626336d.jpg', 'Fexofenadine (30mg/5ml)', '2023-09-14 00:00:00', '930135324', 'Headache Drowsiness Dizziness Nausea', 'Treatment of Sneezing and runny nose due to allergiesTreatment of Allergic conditions'),
(32695, 'Alex Junior Syrup', 169.65, 'ljalzjzxyy64yutmr3tw.jpg', 'Chlorpheniramine Maleate (2mg/5ml) + Dextromethorphan Hydrobromide (5mg/5ml)', '2024-02-28 00:00:00', '577664799', 'Upset stomach Sleepiness', 'Treatment of Dry cough'),
(32696, 'Azicip 500 Tablet', 160.56, 'dwqhqfos0hlzsltrwraf.jpg', 'Azithromycin (500mg)', '2023-11-29 00:00:00', '179939943', 'Nausea Abdominal pain Diarrhea', 'Treatment of Bacterial infections'),
(32697, 'Aquasol A Capsule', 155.79, 'mytnmvyspijambekkody.jpg', 'Vitamin A (25000IU)', '2023-06-01 00:00:00', '101776144', 'No common side effects seen', 'Treatment of Vitamin A deficiency'),
(32698, 'Anobliss Cream', 185.65, '612a8de029ee416ab320d109d19d2293.jpg', 'Lidocaine (1.5% w/w) + Nifedipine (0.3% w/w)', '2023-06-17 00:00:00', '73964295', 'Anal irritation', 'Treatment of Anal fissure'),
(32699, 'Augmentin DDS Suspension', 271.24, 'kafbzrabyoihauyvnig4.jpg', 'Amoxycillin  (400mg/5ml) +  Clavulanic Acid (57mg/5ml)', '2023-06-21 00:00:00', '102038255', 'Abdominal pain Allergy Vomiting Nausea Diarrhea Mucocutaneous candidiasis', 'Treatment of Resistant Tuberculosis (TB)Treatment of Bacterial infections'),
(32700, 'Almox 500 Capsule', 148.21, 'h4y2f030gju0ftmou0t5.jpg', 'Amoxycillin (500mg)', '2023-08-13 00:00:00', '664549722', 'Nausea Diarrhea Skin rash Vomiting', 'Treatment of Bacterial infections'),
(32701, 'AF Kit Tablet', 146.41, 'hfobjftgqrervreplh6u.jpg', 'Azithromycin (1000mg) + Ornidazole (750mg) + Fluconazole (150mg)', '2023-10-17 00:00:00', '365880847', 'Taste change Vomiting Headache Dizziness Stomach pain Nausea Indigestion Diarrhea Loss of appetite', 'Treatment of Syndromic treatment of vaginal discharge'),
(32702, 'Ascoril LS Junior Syrup', 74.81, 'r22ftufqfbkaxevlo6wn.jpg', 'Ambroxol (15mg/5ml) + Levosalbutamol (0.5mg/5ml) + Guaifenesin (50mg/5ml)', '2023-07-09 00:00:00', '999323823', 'Nausea Vomiting Diarrhea Upset stomach Stomach pain Allergic reaction Dizziness Headache Rash Hives Tremors Palpitations Muscle cramp Increased heart rate', 'Treatment of Cough with mucus'),
(32703, 'Asthalin 100mcg Inhaler', 188.89, '9117d15a82fc4d41889e083e295d7de9.jpg', 'Salbutamol (100mcg)', '2023-08-25 00:00:00', '518870226', 'Tremors Headache Palpitations Increased heart rate Muscle cramp Respiratory tract inflammation Respiratory tract infection Cough', 'Treatment of Chronic obstructive pulmonary disease (COPD)Treatment and prevention of Asthma'),
(32704, 'Aptimust Syrup', 133.62, 'uhilkoau5xmywwkw1ekx.jpg', 'Cyproheptadine (2mg/5ml) + Tricholine Citrate (275mg/5ml) + Sorbitol (2gm/5ml)', '2023-11-26 00:00:00', '457499306', 'Constipation Dryness in mouth Drowsiness Sleepiness Blurred vision', ' Appetite stimulant'),
(32705, 'AB Phylline Capsule', 129.01, 'pydoe2cjed0vjf2or3kk.jpg', 'Acebrophylline (100mg)', '2023-05-30 00:00:00', '225196742', 'Vomiting Abdominal pain Drowsiness Heartburn Increased white blood cell count Loss of appetite Rash Itching Constipation Diarrhea Abdominal discomfort Abdominal distension Esophageal bleeding Red spots or bumps Breathing problems High white blood cell count Nasal inflammation', 'Treatment of AsthmaTreatment of BronchitisTreatment of Chronic obstructive pulmonary disease (COPD)'),
(32706, 'Azee 200mg Dry Syrup', 153.02, 'xkg1pweump6uhajxdn7y.jpg', 'Azithromycin (200mg/5ml)', '2024-03-02 00:00:00', '812620226', 'Nausea Abdominal pain Diarrhea', 'Treatment of Bacterial infections'),
(32707, 'Adaferin Gel', 251.3, 'c4fqrcdtmux6sdv8lq4o.jpg', 'Adapalene (0.1% w/w)', '2023-09-05 00:00:00', '887284164', 'Erythema skin redness Dry skin Skin peeling Skin burn Itching', ' Acne'),
(32708, 'Amitone 10mg Tablet', 61.4, 'ffddf4528375471cb02d465b546f4697.jpg', 'Amitriptyline (10mg)', '2024-04-11 00:00:00', '712583608', 'Constipation Dryness in mouth Orthostatic hypotension sudden lowering of blood pressure on standing Weight gain Aggressive behavior Nasal congestion stuffy nose Sleepiness Dizziness Headache Decreased libido Nausea Fatigue Confusion Tremors Speech disorder Palpitations Taste change Paresthesia tingling or pricking sensation Abnormality of voluntary movements Loss of accommodation Atrioventricular block Micturition disorders Erectile dysfunction Abnormal E C G Decreased sodium level in blood', 'Treatment of Depression Neuropathic painTreatment of Migraine'),
(32709, 'Ambrodil Syrup', 155.74, 'qwyph0ryjvrnimzm98tq.jpg', 'Ambroxol (30mg/5ml)', '2023-05-27 00:00:00', '716464290', 'Vomiting Nausea Upset stomach', 'Treatment of Respiratory tract disorders associated with viscid mucus'),
(32710, 'AB-Flo-N Tablet', 186.24, 'lwfoqt9iygk2n0rkyhql.jpg', 'Acebrophylline (100mg) + Acetylcysteine (600mg)', '2024-05-07 00:00:00', '757041045', 'Vomiting Heartburn Stomach pain Upset stomach Rash Hives Itching Breathing problems Nasal inflammation Increased white blood cell count', 'Treatment of Chronic obstructive pulmonary disease (COPD)'),
(32711, 'Ascoril LS Drops', 249.72, 'jv6sexgkqc9bkfwhxnbv.jpg', 'Ambroxol (7.5mg/ml) + Levosalbutamol (0.25mg/ml) + Guaifenesin (12.5mg/ml)', '2024-01-23 00:00:00', '445216400', 'Vomiting Diarrhea Excessive salivation Fatigue Headache Dizziness Rash Numbness of extremity Nausea Increased heart rate Stomach discomfort Palpitations Tremors Muscle cramp', 'Acute Sore throatTreatment of Cough with mucus'),
(32712, 'Alex Cough Lozenges Lemon Ginger', 298.33, 'ly4rp256e6sytjaxz8ht.jpg', 'Dextromethorphan Hydrobromide (5mg)', '2023-10-01 00:00:00', '59714451', 'Sleepiness Dizziness Confusion Nausea', ' Dry cough'),
(32713, 'Atorva 40 Tablet', 90.48, '1fa02b0711dc4f91a367fdd438cb6e98.jpg', 'Atorvastatin (40mg)', '2024-05-03 00:00:00', '984903480', 'Dyspepsia Abdominal pain Indigestion Diarrhea Joint pain Nasopharyngitis inflammation of the throat and nasal passages Nausea Pain in extremities Urinary tract infection Abnormal liver function tests', ' High cholesterolPrevention of Heart attack'),
(32714, 'Aziderm 20% Cream', 100.97, '20a65251c88c460bb990c015f7ed0dea.jpg', 'Azelaic Acid (20% w/w)', '2023-07-25 00:00:00', '641325000', 'Application site reactions burning irritation itching and redness', 'Treatment of Acne'),
(32715, 'Ascoril D Junior Cough Syrup', 129.98, 'atnpfu2zkydv86zn8yne.jpg', 'Phenylephrine (5mg/5ml) + Chlorpheniramine Maleate (2mg/5ml) + Dextromethorphan Hydrobromide (10mg/5ml)', '2023-06-13 00:00:00', '303760613', 'Nausea Vomiting Loss of appetite Headache', 'Treatment of Dry cough'),
(32716, 'Acogut Tablet', 297.73, '346a811d314244c892a10b9426058a16.jpg', 'Acotiamide (100mg)', '2023-10-02 00:00:00', '981936540', 'Headache Diarrhea', 'Treatment of Functional dyspepsia'),
(32717, 'Augmentin 1000 Duo Tablet', 118.59, 'n79pqwzyup7ax2zy3ra3.jpg', 'Amoxycillin  (875mg) +  Clavulanic Acid (125mg)', '2023-05-12 00:00:00', '890347242', 'Vomiting Nausea Diarrhea Mucocutaneous candidiasis', 'Treatment of Bacterial infections'),
(32718, 'Ano Metrogyl Cream', 70.83, 'wysekhb41x9l4gs2e4lq.jpg', 'Lidocaine (4% w/w) + Metronidazole (1% w/w) + Sucralfate (7% w/w)', '2023-11-15 00:00:00', '258816088', 'Burning sensation Tingling Rash', 'Treatment of Anal fissure'),
(32719, 'Angispan - TR 2.5mg Capsule', 210.45, '6c48a874d84443f5bf6df270f1faf50d.jpg', 'Nitroglycerin (2.5mg)', '2023-10-10 00:00:00', '572584297', 'Blurred vision Decreased blood pressure Dizziness Headache Increased heart rate Lightheadedness Paresthesia tingling or pricking sensation', 'Treatment of Angina (heart-related chest pain)'),
(32720, 'Apdrops Eye Drop', 261.24, 'b6323f9cbdda4899973d8778998fd4d0.jpg', 'Moxifloxacin (0.5% w/v)', '2024-03-05 00:00:00', '859500818', 'Eye discomfort Dry eye Burning sensation in eye', 'Treatment of Bacterial eye infections'),
(32721, 'Acivir 400 DT Tablet', 270.48, 't8e7gul8px0js0dzcdwf.jpg', 'Acyclovir (400mg)', '2023-11-21 00:00:00', '224457023', 'Headache Dizziness Vomiting Nausea Fatigue Fever Stomach pain Diarrhea Skin rash Photophobia', ' Herpes Simplex Virus Infections Chickenpox Herpes labialis Shingles Genital herpes infection'),
(32722, 'Avil Injection', 229.25, 'e17dda31de1747358229a8ff89c60eb2.jpg', 'Pheniramine (22.75mg)', '2023-12-19 00:00:00', '226335044', 'Sedation', 'Treatment of Allergic conditionsTreatment of Respiratory disease with excessive mucusTreatment of Skin conditions with inflammation & itchingTreatment and prevention of Meniere\'s disease'),
(32723, 'Azee 250 Tablet', 51.68, 'uxoomhircghogsijuyuf.jpg', 'Azithromycin (250mg)', '2023-12-29 00:00:00', '587996046', 'Nausea Abdominal pain Diarrhea', 'Treatment of Bacterial infections'),
(32724, 'Aldigesic P 100mg/325mg Tablet', 237.22, 'fef09c2f7cca4f778b510943b0d0a8c9.jpg', 'Aceclofenac (100mg) + Paracetamol (325mg)', '2023-08-05 00:00:00', '796823460', 'Nausea Vomiting Stomach pain epigastric pain Loss of appetite Heartburn Diarrhea', ' Pain relief'),
(32725, 'Acitrom 2 Tablet', 81.97, 'uo9v3rybrau5xkqzscnb.jpg', 'Acenocoumarol (2mg)', '2023-12-08 00:00:00', '811014493', 'Hemorrhage', 'Treatment and prevention of Blood clots'),
(32726, 'Alerid Syrup', 287.03, 'dsv803hfrd1pxyfcqw66.jpg', 'Cetirizine (5mg/5ml)', '2024-02-01 00:00:00', '582230755', 'Nausea Muscle pain Edema swelling Sleepiness Fatigue Vomiting Dryness in mouth Headache Constipation', 'Treatment of Allergic conditions'),
(32727, 'Atorva Tablet', 110.77, 'f5888caa9086409c9a1bde789bbb9761.jpg', 'Atorvastatin (10mg)', '2023-10-06 00:00:00', '101896510', 'Dyspepsia Abdominal pain Indigestion Diarrhea Joint pain Nasopharyngitis inflammation of the throat and nasal passages Nausea Pain in extremities Urinary tract infection Abnormal liver function tests', ' High cholesterolPrevention of Heart attack'),
(32728, 'Azax 500 Tablet', 66.4, 'a0767b125b584ef6996af0687504a948.jpg', 'Azithromycin (500mg)', '2023-09-07 00:00:00', '599982859', 'Nausea Abdominal pain Diarrhea', 'Treatment of Bacterial infections'),
(32729, 'Aztor 10 Tablet', 244.1, 'butfijqwslbzkav0x5yl.jpg', 'Atorvastatin (10mg)', '2023-12-01 00:00:00', '456784881', 'Dyspepsia Abdominal pain Indigestion Diarrhea Joint pain Nasopharyngitis inflammation of the throat and nasal passages Nausea Pain in extremities Urinary tract infection Abnormal liver function tests', ' High cholesterolPrevention of Heart attack'),
(32730, 'Alciflox D Eye/Ear Drops', 297.54, '5e1e2a758d6d463b9ae475a504499290.jpg', 'Ciprofloxacin (0.3% w/v) + Dexamethasone (0.1% w/v)', '2024-03-11 00:00:00', '486327919', 'Application site reactions burning irritation itching and redness Eye discomfort Corneal deposits Ocular hyperemia Taste change Ear discomfort Ear pain', 'Treatment of Bacterial eye / ear infectionsTreatment of Eye infection with inflammation'),
(32731, 'Amifru 40 Tablet', 267.6, 'rwb8srqgdnglciceymku.jpg', 'Furosemide (40mg) + Amiloride (5mg)', '2024-03-04 00:00:00', '451971733', 'Nausea Vomiting Diarrhea Weakness Headache Dehydration Muscle cramp Decreased sodium level in blood Decreased magnesium level in blood Decreased calcium level in blood Increased blood uric acid', 'Treatment of Edema'),
(32732, 'Aciloc 300 Tablet', 232.58, 'iqhejxn4cms6fic8kgqm.jpg', 'Ranitidine (300mg)', '2024-02-08 00:00:00', '629729613', 'Headache Diarrhea Gastrointestinal disturbance', 'Treatment of Gastroesophageal reflux disease (Acid reflux)Treatment of Peptic ulcer disease'),
(32733, 'Augmentin 1.2gm Injection', 260.66, 'hdcim1c3hbl8tseavocx.jpg', 'Amoxycillin  (1000mg) +  Clavulanic Acid (200mg)', '2023-10-14 00:00:00', '680861309', 'Vomiting Nausea Diarrhea Mucocutaneous candidiasis', 'Treatment of Bacterial infections'),
(32734, 'Asthakind Expectorant Sugar Free', 262.14, 'b886acf9c302423a89ba9d4b7016e06c.jpg', 'Guaifenesin (50mg) + Terbutaline (1.25mg) + Bromhexine (2mg)', '2023-09-06 00:00:00', '727283865', 'Nausea Diarrhea Bloating Indigestion Vomiting Stomach pain Sweating Dizziness Headache Skin rash Hives Tremors Increased heart rate', 'Treatment of Cough with mucus'),
(32735, 'Atorva 20 Tablet', 229.05, 'a26355cfe6894c65b3084e81ac816df6.jpg', 'Atorvastatin (20mg)', '2023-11-16 00:00:00', '653405049', 'Dyspepsia Abdominal pain Indigestion Diarrhea Joint pain Nasopharyngitis inflammation of the throat and nasal passages Nausea Pain in extremities Urinary tract infection Abnormal liver function tests', ' High cholesterolPrevention of Heart attack'),
(32736, 'AB Phylline SR 200 Tablet', 220.85, 'h1gxe261svzejqxhozwo.jpg', 'Acebrophylline (200mg)', '2023-07-28 00:00:00', '260752795', 'Vomiting Abdominal pain Drowsiness Heartburn Increased white blood cell count Loss of appetite Rash Itching Constipation Diarrhea Abdominal discomfort Abdominal distension Esophageal bleeding Red spots or bumps Breathing problems High white blood cell count Nasal inflammation', 'Treatment of AsthmaTreatment of BronchitisTreatment of Chronic obstructive pulmonary disease (COPD)'),
(32737, 'Aricep-M  Forte Tablet', 66.11, 'a44e0vn4ts0y4nco6x1f.jpg', 'Donepezil (5mg) + Memantine (10mg)', '2024-05-05 00:00:00', '902759708', 'Nausea Vomiting Loss of appetite Diarrhea Headache Dizziness Bleeding under the skin', ' Alzheimer\'s disease'),
(32738, 'Amaryl 1mg Tablet', 195.35, 'xz5q9xefnf4qurvkdyss.jpg', 'Glimepiride (1mg)', '2023-08-04 00:00:00', '889992169', 'Hypoglycemia low blood glucose level Headache Nausea Dizziness Weakness', 'Treatment of Type 2 diabetes mellitus'),
(32739, 'Add Tears Lubricant Eye Drop', 105.1, 'gb6vecck2cb2zlq4ibgj.jpg', 'Carboxymethylcellulose (0.5% w/v)', '2023-12-21 00:00:00', '231295174', 'Eye irritation Burning eyes Eye discomfort Eye itching Eye pain', 'Treatment of Dry eyes'),
(32740, 'Aceclo-MR Tablet', 66.96, 't0ulcqbfllk7yqmqvkzt.jpg', 'Aceclofenac (100mg) + Paracetamol (325mg) + Chlorzoxazone (500mg)', '2023-10-06 00:00:00', '429490604', 'Nausea Vomiting Heartburn Stomach pain Diarrhea Loss of appetite Tiredness Sleepiness', 'Treatment of Muscular pain'),
(32741, 'Atarax Drops', 88.07, 'kqchtk16aexafswoznxh.jpg', 'Hydroxyzine (6mg)', '2023-08-10 00:00:00', '669091807', 'Sedation Nausea Vomiting Upset stomach Constipation', 'Treatment of AnxietyTreatment of Skin conditions with inflammation & itching'),
(32742, 'Ambrodil-LX Syrup', 201.7, 'vvkfwgws2p2al9jwdidw.jpg', 'Ambroxol (30mg/5ml) + Levosalbutamol (1mg/5ml) + Guaifenesin (50mg/5ml)', '2023-08-10 00:00:00', '562970445', 'Nausea Vomiting Diarrhea Upset stomach Stomach pain Allergic reaction Dizziness Headache Rash Hives Tremors Palpitations Muscle cramp Increased heart rate', 'Treatment of Cough with mucus'),
(32743, 'Asthakind-LS Expectorant Cola Sugar Free', 191.12, 'hifiqtanuufm47lmqehp.jpg', 'Ambroxol (30mg/5ml) + Levosalbutamol (1mg/5ml) + Guaifenesin (50mg/5ml)', '2023-07-13 00:00:00', '740730240', 'Nausea Vomiting Diarrhea Upset stomach Stomach pain Allergic reaction Dizziness Headache Rash Hives Tremors Palpitations Muscle cramp Increased heart rate', 'Treatment of Cough with mucus'),
(32744, 'Acton-OR Tablet SR', 262.05, '39e30c94-8c8c-4919-ad04-4956837dc152.jpeg', 'Paracetamol (300mg) + Paracetamol (700mg)', '2023-10-05 00:00:00', '167744144', 'No common side effects seen', ' Pain relief Fever'),
(32745, 'Avamys Nasal Spray', 143.06, 'ag2u6xs4ngrpzyrxxgwg.jpg', 'Fluticasone Furoate (0.05% w/w)', '2024-03-05 00:00:00', '274961310', 'Nasal inflammation Headache Nosebleeds Nasal ulceration Breathlessness', 'Treatment of Sneezing and runny nose due to allergies'),
(32746, 'AB Phylline N Tablet', 57.66, 'vndxhd2yhnscgfodpzvv.jpg', 'Acebrophylline (100mg) + Acetylcysteine (600mg)', '2024-04-11 00:00:00', '312657623', 'Vomiting Heartburn Stomach pain Upset stomach Rash Hives Itching Breathing problems Nasal inflammation Increased white blood cell count', 'Treatment of Chronic obstructive pulmonary disease (COPD)'),
(32747, 'Acenac-P  Tablet', 171.64, 'yzd9gpvunwo5iug91gth.jpg', 'Aceclofenac (100mg) + Paracetamol (325mg)', '2024-02-02 00:00:00', '97852955', 'Nausea Vomiting Stomach pain epigastric pain Loss of appetite Heartburn Diarrhea', ' Pain relief'),
(32748, 'Aldactone 50 Tablet', 241.08, 'jztj849rvk1e9dzewu1a.jpg', 'Spironolactone (50mg)', '2023-11-10 00:00:00', '511244470', 'Nausea Vomiting Leg cramps Dizziness Drowsiness Confusion Breast enlargement in male Increased creatinine level in blood', ' Hypertension (high blood pressure) Edema Low potassium Heart failure'),
(32749, 'Alerid Tablet', 137.11, 'ebql55l1cjgcgbjwl33e.jpg', 'Cetirizine (10mg)', '2024-01-31 00:00:00', '656838849', 'Sleepiness Fatigue Vomiting Dryness in mouth Headache Constipation', 'Treatment of Allergic conditions'),
(32750, 'Aerocort Inhaler', 169.15, 'zz57ek6tsj8boa5kwj1q.jpg', 'Levosalbutamol (50mcg) + Beclometasone (50mcg)', '2024-03-23 00:00:00', '395834685', 'Hoarseness of voice Headache Dizziness Pharyngitis Vomiting Bronchitis inflammation of the airways Dryness in mouth Cough Application site irritation Nausea Gastrointestinal motility disorder Thrush Throat irritation', ' Asthma'),
(32751, 'Acemiz-S Tablet', 145.65, 'rajey5dlkp8loidd9zl6.jpg', 'Aceclofenac (100mg) + Paracetamol (325mg) + Serratiopeptidase (15mg)', '2023-06-24 00:00:00', '658192138', 'Nausea Vomiting Stomach pain Indigestion Heartburn Loss of appetite Diarrhea', ' Pain relief'),
(32752, 'Asthalin Respules', 195.38, '2c79233f8c714af392f7f1f949d03174.jpg', 'Salbutamol (2.5mg)', '2024-04-21 00:00:00', '288596045', 'Tremors Headache Palpitations Increased heart rate Muscle cramp Respiratory tract inflammation Respiratory tract infection Cough', 'Treatment of Chronic obstructive pulmonary disease (COPD)Treatment and prevention of Asthma'),
(32753, 'Azeflo Nasal Spray', 263.34, '1303675f89f54c9db683f49da9f44454.jpg', 'Fluticasone Propionate (50mcg) + Azelastine (140mcg)', '2024-01-10 00:00:00', '227319710', 'Taste change Nosebleeds Headache Cough Upper respiratory tract infection Dryness in mouth Nasopharyngitis inflammation of the throat and nasal passages Sinus inflammation Stomach discomfort Fungal infection of oropharynx Tremors Palpitations Voice change', 'Treatment of Sneezing and runny nose due to allergies'),
(32754, 'Ace Proxyvon Tablet', 251.13, 'z61phiiji1v3ecc5th6y.jpg', 'Aceclofenac (100mg) + Paracetamol (325mg)', '2023-08-17 00:00:00', '216578092', 'Nausea Vomiting Stomach pain epigastric pain Loss of appetite Heartburn Diarrhea', ' Pain relief'),
(32755, 'Antiflu 75mg Capsule', 51.91, 'xlfda4lsg7frx2xzwt3g.jpg', 'Oseltamivir Phosphate (75mg)', '2024-04-16 00:00:00', '845710108', 'Nausea Vomiting Abdominal pain Diarrhea', 'Treatment of Influenza (flu)'),
(32756, 'Augmentin 375 Tablet', 174.02, 'wzg9mlswk2kcrueliur2.jpg', 'Amoxycillin  (250mg) +  Clavulanic Acid (125mg)', '2024-03-11 00:00:00', '419218234', 'Vomiting Nausea Diarrhea Mucocutaneous candidiasis', 'Treatment of Bacterial infections'),
(32757, 'Admenta 5 Tablet', 137.16, 'm1yvfvbvj5gpno8aoi7c.jpg', 'Memantine (5mg)', '2024-04-01 00:00:00', '552982669', 'Dizziness Headache Confusion Constipation', ' Alzheimer\'s disease'),
(32758, 'Azmarda 50mg Tablet', 247.42, '3e5bdb85-23a9-4179-a583-99dbdde44bb6.jpeg', 'Sacubitril (24mg) + Valsartan (26mg)', '2023-12-14 00:00:00', '847429142', 'Dizziness Increased potassium level in blood Fatigue Hypotension low blood pressure', 'Treatment of Heart failure'),
(32759, 'Alerid-D Tablet', 275.31, 'kvv547fcb11clzlc0g7a.jpg', 'Cetirizine (5mg) + Phenylephrine (10mg)', '2024-04-22 00:00:00', '263696345', 'Dryness in mouth Headache Vomiting Sleepiness Fatigue Constipation Diarrhea', 'Treatment of Sneezing and runny nose due to allergies'),
(32760, 'Aldosmin 500mg Tablet', 89.61, '3c5f6e710dd74dffbf0ba5cc4b6c5a07.jpg', 'Diosmin (450mg) + Hesperidin (50mg)', '2024-03-09 00:00:00', '49495618', 'Diarrhea Dizziness Hives Itching Nausea Erythema skin redness Stomach pain', ' Varicose veins'),
(32761, 'Allercet-DC Tablet', 231.85, 'c5la63bs8j1m7llx7uyy.jpg', 'Cetirizine (10mg) + Phenylephrine (10mg)', '2023-08-29 00:00:00', '49384679', 'Dryness in mouth Headache Vomiting Sleepiness Fatigue Constipation Diarrhea', 'Treatment of Sneezing and runny nose due to allergies'),
(32762, 'Amlip 5 Tablet', 66.91, '276c276ba0c94e0d99376c98295d8024.jpg', 'Amlodipine (5mg)', '2024-04-26 00:00:00', '701285289', 'Headache Fatigue Nausea Abdominal pain Sleepiness', 'Treatment of Hypertension (high blood pressure)Prevention of Angina (heart-related chest pain)'),
(32763, 'Acitrom 1 Tablet', 101.84, 'wmzszs6aed2temtxlhqy.jpg', 'Acenocoumarol (1mg)', '2024-01-17 00:00:00', '629389174', 'Hemorrhage', 'Treatment and prevention of Blood clots'),
(32764, 'AF 400 Tablet', 148.49, 'bs0vznvy7xxksky0gys5.jpg', 'Fluconazole (400mg)', '2023-12-30 00:00:00', '439594594', 'Headache Nausea Stomach pain', 'Treatment of Fungal infections'),
(32765, 'Amlopres-AT Tablet', 297.24, '428b24c1abf74d97a441ea6bfc46f151.jpg', 'Amlodipine (5mg) + Atenolol (50mg)', '2023-06-19 00:00:00', '568003938', 'Sleepiness Headache Ankle swelling Flushing sense of warmth in the face ears neck and trunk Slow heart rate Palpitations Nausea Edema swelling Constipation Tiredness Cold extremities', 'Treatment of Hypertension (high blood pressure)'),
(32766, 'Aztolet  10 Tablet', 76.34, 'dxecuqrrahyjkoylyce4.jpg', 'Atorvastatin (10mg) + Clopidogrel (75mg)', '2023-05-10 00:00:00', '90380887', 'Stomach pain Diarrhea Indigestion Constipation Headache Dizziness Muscle pain Weakness Increased glucose level in blood Increased liver enzymes', ' Heart attack prevention and high cholesterol'),
(32767, 'Azikem 500mg Tablet', 189.71, '851f7e8785ae4c86afc5133725d5c956.jpg', 'Azithromycin (500mg)', '2023-05-16 00:00:00', '562770265', 'Nausea Abdominal pain Diarrhea', 'Treatment of Bacterial infections'),
(32768, 'Amlovas 5 Tablet', 255.08, 'eow80qqpjlwuvoopjkjd.jpg', 'Amlodipine (5mg)', '2023-07-10 00:00:00', '764201333', 'Headache Fatigue Nausea Abdominal pain Sleepiness', 'Treatment of Hypertension (high blood pressure)Prevention of Angina (heart-related chest pain)'),
(32769, 'Acenac-MR Tablet', 298.48, 'adn1oxsqip7debtpbnk6.jpg', 'Thiocolchicoside (4mg) + Aceclofenac (100mg) + Paracetamol (325mg)', '2023-11-24 00:00:00', '14882252', 'Nausea Vomiting Heartburn Stomach pain Diarrhea Loss of appetite Dryness in mouth', 'Treatment of Muscular pain'),
(32770, 'AF 150 Tablet DT', 209.4, 'hvce1aqwc18vcltaayto.jpg', 'Fluconazole (150mg)', '2023-09-04 00:00:00', '246759306', 'Headache Nausea Stomach pain', 'Treatment of Fungal infections'),
(32771, 'Atorlip-F Tablet', 196.31, 'ralku3v3ayimponr2kpc.jpg', 'Atorvastatin (10mg) + Fenofibrate (145mg)', '2024-04-19 00:00:00', '96942341', 'Nausea Stomach pain Constipation Flatulence Headache Muscle pain Increased liver enzymes Increased glucose level in blood', 'Treatment of High cholesterolPrevention of Heart attack'),
(32772, 'A-Ret 0.1% Gel', 208.48, 'hoiok8rirykpywxqsdhf.jpg', 'Tretinoin (0.1% w/w)', '2024-04-02 00:00:00', '320444275', 'Erythema skin redness Skin irritation Dry skin Dry lips Pale red skin Increased sensitivity to light', 'Treatment of Acne Acute promyelocytic leukaemia'),
(32773, 'Apdrops PD Eye Drop', 218.66, 'umhh9aoaxssvlltb3lku.jpg', 'Moxifloxacin (0.5% w/v) + Prednisolone (1% w/v)', '2024-02-10 00:00:00', '685329328', 'Eye irritation Eye discomfort Blurred vision', 'Treatment of Bacterial infections'),
(32774, 'AB-Flo Capsule', 235.36, 'ndlw5exiusjlnsgpa0gr.jpg', 'Acebrophylline (100mg)', '2024-01-01 00:00:00', '391954231', 'Vomiting Abdominal pain Drowsiness Heartburn Increased white blood cell count Loss of appetite Rash Itching Constipation Diarrhea Abdominal discomfort Abdominal distension Esophageal bleeding Red spots or bumps Breathing problems High white blood cell count Nasal inflammation', 'Treatment of AsthmaTreatment of BronchitisTreatment of Chronic obstructive pulmonary disease (COPD)'),
(32775, 'Amantrel Tablet', 124.09, 'a2c8j0vmdbyualoq4l6d.jpg', 'Amantadine (100mg)', '2023-12-14 00:00:00', '159213444', 'Nausea Dryness in mouth Constipation Dizziness Blurred vision Insomnia difficulty in sleeping Hallucination Peripheral edema Balance disorder loss of balance Orthostatic hypotension sudden lowering of blood pressure on standing', 'Treatment of Parkinson\'s disease'),
(32776, 'Azithral XL 200 Liquid', 73.71, 'cj8p9u4eltzlhkojpkni.jpg', 'Azithromycin (200mg/5ml)', '2023-09-24 00:00:00', '22804367', 'Nausea Abdominal pain Diarrhea', 'Treatment of Bacterial infections'),
(32777, 'Aquazide 12.5 Tablet', 50.68, 'eeun8esuvqmhpsog8jde.jpg', 'Hydrochlorothiazide (12.5mg)', '2023-11-03 00:00:00', '914588205', 'Headache Nausea Altered blood lipid level Weakness Dizziness', 'Treatment of Hypertension (high blood pressure)Treatment of Edema'),
(32778, 'A-Ret 0.05% Gel', 63.39, 'vnqlc8kl0vcrv3fsnvhy.jpg', 'Tretinoin (0.05% w/w)', '2024-01-26 00:00:00', '140294281', 'Erythema skin redness Skin irritation Dry skin Dry lips Pale red skin Increased sensitivity to light', 'Treatment of Acne Acute promyelocytic leukaemia'),
(32779, 'Althrocin 250 Tablet', 50.68, 'ivl1nprzr0mhbaodiffw.jpg', 'Erythromycin (250mg)', '2023-07-13 00:00:00', '418429639', 'Vomiting Nausea Abdominal pain Diarrhea', 'Treatment of Bacterial infections'),
(32780, 'Alkasol Oral Solution Sugar Free', 283.11, 'qki9ikl69kfatj6clsck.png', 'Disodium Hydrogen Citrate (1.4gm/5ml)', '2024-03-21 00:00:00', '691420229', 'Stomach pain Tiredness Diarrhea Nausea Vomiting Frequent urge to urinate', 'Treatment of GoutTreatment of Kidney stone'),
(32781, 'Ajaduo 25mg/5mg Tablet', 190.44, 'rlmbfsbjzognbiresfcc.jpg', 'Empagliflozin (25mg) + Linagliptin (5mg)', '2024-01-14 00:00:00', '187147056', 'Hypoglycemia low blood glucose level Cough Nasopharyngitis inflammation of the throat and nasal passages Urinary tract infection Nausea Vomiting Constipation Genital fungal infection', 'Treatment of Type 2 diabetes mellitus'),
(32782, 'Aldosmin 1000mg Tablet', 226.89, 'fbca239de3df4dd0a85fd78c4cda372f.jpg', 'Diosmin (900mg) + Hesperidin (100mg)', '2023-11-12 00:00:00', '32770430', 'Diarrhea Dizziness Hives Itching Nausea Erythema skin redness Stomach pain', ' Varicose veins'),
(32783, 'Allegra Nasal Spray', 295, 'vvy6twefjsj33i9s5ute.jpg', 'Fluticasone Furoate (27.5mcg)', '2024-01-09 00:00:00', '829378091', 'Nasal inflammation Headache Nosebleeds Nasal ulceration Breathlessness', 'Treatment of Sneezing and runny nose due to allergies'),
(32784, 'Advent Forte 457mg Syrup Tangy Orange', 140.28, 'qwtpgfw60k20hhc4jpzq.jpg', 'Amoxycillin  (400mg/5ml) +  Clavulanic Acid (57mg/5ml)', '2024-05-02 00:00:00', '965051520', 'Abdominal pain Allergy Vomiting Nausea Diarrhea Mucocutaneous candidiasis', 'Treatment of Resistant Tuberculosis (TB)Treatment of Bacterial infections'),
(32785, 'Andial 2mg Tablet', 147.59, 'id3kkusufvufdd7al91r.jpg', 'Loperamide (2mg)', '2024-03-30 00:00:00', '653982171', 'Constipation Nausea Headache Stomach pain', ' Diarrhea'),
(32786, 'Alkof DX Syrup', 163.59, 'smb8unr3vj5vuie3ct3s.jpg', 'Chlorpheniramine Maleate (4mg) + Dextromethorphan Hydrobromide (10mg)', '2024-02-06 00:00:00', '458799702', 'Upset stomach Sleepiness', 'Treatment of Dry cough'),
(32787, 'Anafortan Syrup', 96.33, '9db7076c5ebd426bb34da276e8c05979.jpg', 'Camylofin (12.5mg/5ml) + Paracetamol (125mg/5ml)', '2024-03-16 00:00:00', '799887937', 'Dryness in mouth Constipation Blurred vision Increased heart rate', 'Treatment of Abdominal pain'),
(32788, 'Amlodac 5 Tablet', 195.4, 'oivmzuonylh9edbwnpv0.jpg', 'Amlodipine (5mg)', '2024-03-10 00:00:00', '895483845', 'Headache Fatigue Nausea Abdominal pain Sleepiness', 'Treatment of Hypertension (high blood pressure)Prevention of Angina (heart-related chest pain)'),
(32789, 'Acivir 800 DT Tablet', 106.18, 'h7pdensqjbagrbvudcjh.jpg', 'Acyclovir (800mg)', '2024-04-05 00:00:00', '846716104', 'Headache Dizziness Vomiting Nausea Fatigue Fever Stomach pain Diarrhea Skin rash Photophobia', ' Herpes Simplex Virus Infections Chickenpox Herpes labialis Shingles Genital herpes infection'),
(32790, 'Amaryl 2mg Tablet', 161.84, '53ecbba7a19e4e40a4e3c139ce4c143e.jpg', 'Glimepiride (2mg)', '2023-07-20 00:00:00', '203496879', 'Hypoglycemia low blood glucose level Headache Nausea Dizziness Weakness', 'Treatment of Type 2 diabetes mellitus'),
(32791, 'Alaspan AM Tablet', 141.41, 'd7e14c9c64264eaca888e53315fff590.jpg', 'Ambroxol (60mg) + Loratadine (5mg)', '2023-10-05 00:00:00', '432047606', 'Upset stomach Headache Sleepiness Allergic reaction', ' Cough'),
(32792, 'Anabel Liquid Gel', 264.87, 'd04ec15787c244baaa562749956b514b.jpg', 'Choline Salicylate (8.7% w/w) + Lidocaine (2% w/w)', '2023-09-06 00:00:00', '570244657', 'No common side effects seen', 'Treatment of Mouth ulcers'),
(32793, 'Air-M Tablet', 51.31, '63fcbd108131463d9a9c3e2a8db18ce1.jpg', 'Montelukast (10mg) + Fexofenadine (120mg)', '2023-10-03 00:00:00', '619911339', 'Nausea Diarrhea Vomiting Skin rash Flu like symptoms Headache Drowsiness Dizziness', 'Treatment of Sneezing and runny nose due to allergies'),
(32794, 'Aziderm 10% Cream', 108.92, 'fs3njrf7dob5yib4gi4m.jpg', 'Azelaic Acid (10% w/w)', '2023-08-16 00:00:00', '504514329', 'Application site reactions burning irritation itching and redness', 'Treatment of Acne'),
(32795, 'Ace-Proxyvon CR Tablet', 180.67, 'btegs8famikztawlnorm.jpg', 'Aceclofenac (200mg) + Rabeprazole (20mg)', '2023-12-31 00:00:00', '137437794', 'Nausea Flatulence Indigestion Diarrhea Constipation', ' Pain relief'),
(32796, 'Aten 50 Tablet', 213.58, 'yd9x9zvhxhokhw1vfnuy.jpg', 'Atenolol (50mg)', '2023-11-20 00:00:00', '981867190', 'Fatigue Slow heart rate Cold extremities Gastrointestinal disturbance', 'Treatment of Hypertension (high blood pressure)Treatment of Angina (heart-related chest pain)Treatment of ArrhythmiaPrevention of Heart attack'),
(32797, 'Asthalin 4 Tablet', 106.19, 'bad0wkxxywzgvsrscxgs.jpg', 'Salbutamol (4mg)', '2023-10-04 00:00:00', '202111339', 'Tremors Headache Palpitations Increased heart rate Muscle cramp Nervousness', 'Treatment of Chronic obstructive pulmonary disease (COPD)Treatment and prevention of Asthma'),
(32798, 'Azithral Eye Ointment', 93.23, 'asmtf1aprfdt36tkjy11.jpg', 'Azithromycin (1% w/w)', '2023-05-28 00:00:00', '243314893', 'Burning eyes', 'Treatment of Bacterial eye infections'),
(32799, 'Aziwok 500 Tablet', 187.76, 'mlj5besvcjq6pjx7zzyw.jpg', 'Azithromycin (500mg)', '2023-12-12 00:00:00', '686986190', 'Nausea Abdominal pain Diarrhea', 'Treatment of Bacterial infections'),
(32800, 'Ambrolite-S Expectorant', 239.09, '575fbd82e6d3489e82a716cfd6b89dac.jpg', 'Ambroxol (30mg) + Guaifenesin (50mg) + Menthol (0.5mg) + Terbutaline (1.25mg)', '2023-06-27 00:00:00', '181842441', 'Nausea Diarrhea Vomiting Dizziness Headache Rash Tremors Increased heart rate Upper abdominal pain Urticaria Itching Sweating Changes in serum aminotransferase levels Bloating Indigestion', ' Cough'),
(32801, 'AB-Flo SR Tablet', 68.13, 'zvwfs8sw9jcirock6v7a.jpg', 'Acebrophylline (200mg)', '2023-12-28 00:00:00', '652071516', 'Vomiting Abdominal pain Drowsiness Heartburn Increased white blood cell count Loss of appetite Rash Itching Constipation Diarrhea Abdominal discomfort Abdominal distension Esophageal bleeding Red spots or bumps Breathing problems High white blood cell count Nasal inflammation', 'Treatment of AsthmaTreatment of BronchitisTreatment of Chronic obstructive pulmonary disease (COPD)'),
(32802, 'Ambrodil-Plus RF Syrup', 180.02, '1695a9c45032412891023693b9c70c6a.jpg', 'Ambroxol (15mg/5ml) + Pseudoephedrine (30mg/5ml) + Chlorpheniramine Maleate (2mg/5ml)', '2023-08-26 00:00:00', '539858757', 'Nausea Stomach discomfort Sleepiness Insomnia difficulty in sleeping Headache Dizziness Nervousness Restlessness Allergic reaction', ' Common cold'),
(32803, 'Asomex 2.5 Tablet', 228.55, 'b12qdkltkixelgjfutuf.jpg', 'S-Amlodipine (2.5mg)', '2023-10-13 00:00:00', '118497327', 'Ankle swelling Dizziness Fatigue Flushing sense of warmth in the face ears neck and trunk Headache Palpitations Abdominal pain Muscle cramp Nausea Sleepiness Visual disturbance Dyspepsia Breathlessness Change in bowel habits', 'Treatment of Hypertension (high blood pressure)Prevention of Angina (heart-related chest pain)Prevention of Heart attackPrevention of Stroke'),
(32804, 'Amlosafe 3D Tablet', 283.58, 'jfkrj7e7qy7kvqjb7gch.jpg', 'Telmisartan (40mg) + Amlodipine (5mg) + Hydrochlorothiazide (12.5mg)', '2023-12-21 00:00:00', '755799956', 'Ankle swelling Dizziness Nausea Peripheral edema Mood changes Visual disturbance', ' Hypertension (high blood pressure)'),
(32805, 'Alkof Syrup', 183.47, '9bfd1c8ea5f645cb8b6f5bc12cb449e9.jpg', 'Guaifenesin (50mg) + Terbutaline (1.25mg) + Bromhexine (2mg)', '2024-02-13 00:00:00', '57970154', 'Nausea Diarrhea Bloating Indigestion Vomiting Stomach pain Sweating Dizziness Headache Skin rash Hives Tremors Increased heart rate', 'Treatment of Cough with mucus'),
(32806, 'Angiplat 2.5 Capsule TR', 83.54, '970ec9f5eeb8480e8af37d6fec1d78bb.jpg', 'Nitroglycerin (2.5mg)', '2023-10-29 00:00:00', '400592830', 'Blurred vision Decreased blood pressure Dizziness Headache Increased heart rate Lightheadedness Paresthesia tingling or pricking sensation', 'Treatment of Angina (heart-related chest pain)'),
(32807, 'Aten 25 Tablet', 218.5, 'cotpwbgqemzhr1tq4jvc.jpg', 'Atenolol (25mg)', '2024-01-11 00:00:00', '801136872', 'Fatigue Slow heart rate Cold extremities Gastrointestinal disturbance', 'Treatment of Hypertension (high blood pressure)Treatment of Angina (heart-related chest pain)Treatment of ArrhythmiaPrevention of Heart attack'),
(32808, 'Admenta 10 Tablet', 225.09, 'g6hkvwmuwd3rjztgzzdn.jpg', 'Memantine (10mg)', '2024-01-21 00:00:00', '677551009', 'Dizziness Headache Confusion Constipation', ' Alzheimer\'s disease'),
(32809, 'Aztor 40 Tablet', 283.68, 'dsqhl9apwk78v0tvgzgd.jpg', 'Atorvastatin (40mg)', '2023-12-27 00:00:00', '789337190', 'Dyspepsia Abdominal pain Indigestion Diarrhea Joint pain Nasopharyngitis inflammation of the throat and nasal passages Nausea Pain in extremities Urinary tract infection Abnormal liver function tests', ' High cholesterolPrevention of Heart attack'),
(32810, 'Alkof Junior Syrup', 73.65, '03f826629d564162b06129fa1d709ddb.jpg', 'Phenylephrine (5mg/5ml) + Chlorpheniramine Maleate (2mg/5ml) + Dextromethorphan Hydrobromide (10mg/5ml)', '2023-12-22 00:00:00', '328081800', 'Nausea Vomiting Loss of appetite Headache', 'Treatment of Dry cough'),
(32811, 'Azithral 100 Liquid', 253.11, '1dde628fc48943eca12ddc1bc6653c50.jpg', 'Azithromycin (20mg/ml)', '2024-02-09 00:00:00', '45003359', 'Nausea Abdominal pain Diarrhea', 'Treatment of Bacterial infections'),
(32812, 'Azibact 500 Tablet', 218.64, 'm8cobpxx2wff3aeptrn9.jpg', 'Azithromycin (500mg)', '2023-12-06 00:00:00', '399590154', 'Nausea Abdominal pain Diarrhea', 'Treatment of Bacterial infections'),
(32813, 'Amrox-LS Syrup', 121.1, 'cb6d22809e33492f8eefd76971e746fc.jpg', 'Ambroxol (30mg) + Levosalbutamol (1mg) + Guaifenesin (50mg)', '2023-07-17 00:00:00', '144126261', 'Nausea Vomiting Diarrhea Upset stomach Stomach pain Allergic reaction Dizziness Headache Rash Hives Tremors Palpitations Muscle cramp Increased heart rate', 'Treatment of Cough with mucus'),
(32814, 'Abzorb Antifungal Soap', 166.55, 'hsw4l9wcx4xspvqg1nee.png', 'Clotrimazole (1% w/w)', '2023-11-27 00:00:00', '503738021', 'Blisters Skin peeling Swelling Application site irritation', 'Treatment of Fungal skin infections'),
(32815, 'Arip MT 5 Tablet', 132.16, 'ad151bd1402147358a53ed5d6bc7ff4e.jpg', 'Aripiprazole (5mg)', '2023-07-19 00:00:00', '487274523', 'Akathisia inability to stay still Anxiety Blurred vision Constipation Dizziness Fatigue Headache Increased saliva production Indigestion Insomnia difficulty in sleeping Nausea Parkinsonism Restlessness Sleepiness Tremors Vomiting', ' Schizophrenia Mania'),
(32816, 'Axogurd-SR Tablet', 64.58, 'zrcvsgzt9iiqcowklagh.jpg', 'Methylcobalamin (1500mcg) + Pregabalin (75mg)', '2024-04-16 00:00:00', '360337464', 'Dizziness Sleepiness Tiredness Uncoordinated body movements', 'Treatment of Neuropathic pain'),
(32817, 'Alfusin Tablet PR', 288.53, 'q6jvfktxywudxnztipjw.jpg', 'Alfuzosin (10mg)', '2024-04-11 00:00:00', '633590391', 'Upper respiratory tract infection Dizziness Headache Nausea Abdominal pain Impotence', 'Treatment of Benign prostatic hyperplasia'),
(32818, 'ATM 500 Tablet', 70.37, 'sekpjjnrd6vehtsjfncj.jpg', 'Azithromycin (500mg)', '2023-07-26 00:00:00', '518269647', 'Nausea Abdominal pain Diarrhea', 'Treatment of Bacterial infections'),
(32819, 'Alerfix Total Tablet SR', 278.42, 'zmvcksshowex5pp3p4bk.jpg', 'Ambroxol (75mg) + Levocetirizine (5mg) + Montelukast (10mg)', '2024-01-14 00:00:00', '328378836', 'Nausea Upset stomach Dryness in mouth Headache Fatigue Allergic reaction Sleepiness Flu like symptoms', 'Treatment of Respiratory tract disorders associated with viscid mucus'),
(32820, 'Advent 625 Tablet', 132.11, 'osfdeeu95or1wese6lzp.jpg', 'Amoxycillin  (500mg) +  Clavulanic Acid (125mg)', '2023-12-22 00:00:00', '320104399', 'Vomiting Nausea Diarrhea Mucocutaneous candidiasis', 'Treatment of Bacterial infections'),
(32821, 'Amlovas-AT Tablet', 80.79, 'qhysxv6qc4oldtr29ygt.jpg', 'Amlodipine (5mg) + Atenolol (50mg)', '2023-11-09 00:00:00', '570360601', 'Sleepiness Headache Ankle swelling Flushing sense of warmth in the face ears neck and trunk Slow heart rate Palpitations Nausea Edema swelling Constipation Tiredness Cold extremities', 'Treatment of Hypertension (high blood pressure)'),
(32822, 'Aziderm 10% Gel', 175.72, 'h12keeomb2jdrqcenqkt.jpg', 'Azelaic Acid (10% w/w)', '2023-12-04 00:00:00', '223516510', 'Application site reactions burning irritation itching and redness', 'Treatment of Acne'),
(32823, 'Avil 50mg Tablet', 253.13, 'hb3cqsruyt3hmr0qtdir.jpg', 'Pheniramine (50mg)', '2023-08-31 00:00:00', '984906911', 'Sedation', 'Treatment of Allergic conditionsTreatment of Respiratory disease with excessive mucusTreatment of Skin conditions with inflammation & itchingTreatment and prevention of Meniere\'s disease'),
(32824, 'Alivher Tablet', 192.42, 'befja14cnqzzjpv8aoxy.jpg', 'Sildenafil (25mg)', '2024-05-03 00:00:00', '410154143', 'Flushing sense of warmth in the face ears neck and trunk Headache Stiffness Nosebleeds Blurred vision Indigestion Muscle pain Upset stomach Rash', 'Treatment of Erectile dysfunction'),
(32825, 'Anafortan Injection', 267.28, '5c94eb78ecc44cbf875515c3137fce8d.jpg', 'Camylofin (25mg)', '2023-11-23 00:00:00', '132496167', 'Palpitations Arrhythmia irregular heartbeats Increased heart rate Dry skin Excessive thirst Dryness in mouth Photophobia Reduce bronchial secretion Flushing sense of warmth in the face ears neck and trunk Dilatation of pupil Difficulty in urination Loss of accommodation Constipation', ' Abdominal cramp'),
(32826, 'Aprezo 30mg Tablet', 81.69, 'yhf8jfvuawxpb0p7mm2g.jpg', 'Apremilast (30mg)', '2023-09-12 00:00:00', '451861451', 'Diarrhea Nausea Vomiting', ' Plaque psoriasis'),
(32827, 'Acnesol Gel', 288.05, 'u4us7b8kdg0szled1lnd.jpg', 'Clindamycin (1% w/w)', '2024-03-31 00:00:00', '684559692', 'Application site reactions burning irritation itching and redness Skin rash Stomach pain Nausea Vomiting Diarrhea', 'Treatment of Bacterial infections'),
(32828, 'Amlopres 5 Tablet', 221.04, 'kpcfch3rqoqgvxtn8exv.jpg', 'Amlodipine (5mg)', '2024-05-08 00:00:00', '309639553', 'Headache Fatigue Nausea Abdominal pain Sleepiness', 'Treatment of Hypertension (high blood pressure)Prevention of Angina (heart-related chest pain)'),
(32829, 'A-Ret 0.025% Gel', 129.45, 'otyd7rqbqgtcwzf2mvlv.jpg', 'Tretinoin (0.025% w/w)', '2023-06-19 00:00:00', '191454157', 'Erythema skin redness Skin irritation Dry skin Dry lips Pale red skin Increased sensitivity to light', 'Treatment of Acne Acute promyelocytic leukaemia');
INSERT INTO `products` (`ilaç_id`, `name`, `price`, `image`, `composition`, `skt`, `barcode`, `side_effect`, `uses`) VALUES
(32830, 'Actibile 300 Tablet', 148.03, 'ac2d065c25df4b819d9f4f872bdc908f.jpg', 'Ursodeoxycholic Acid (300mg)', '2024-05-01 00:00:00', '639411358', 'Abdominal pain Diarrhea Hair loss Itching Nausea Rash', 'Treatment of Primary biliary cirrhosisTreatment of Gallbladder stones'),
(32831, 'Alex Syrup Sugar Free', 156.96, 'd594vkaweet8hma6ei8u.jpg', 'Phenylephrine (5mg/5ml) + Chlorpheniramine Maleate (2mg/5ml) + Dextromethorphan Hydrobromide (10mg/5ml)', '2023-09-17 00:00:00', '840244819', 'Nausea Vomiting Loss of appetite Headache', 'Treatment of Dry cough'),
(32832, 'Azee 100mg Dry Syrup Peppermint', 114.08, 'kawgxmgqjtqrsbhbylzz.jpg', 'Azithromycin (100mg/5ml)', '2023-10-17 00:00:00', '700179688', 'Nausea Abdominal pain Diarrhea', 'Treatment of Bacterial infections'),
(32833, 'Alex-L Cough Syrup Mango', 143.8, 'n5vvt9nfnzmpyen6rjzt.jpg', 'Levocloperastine (20mg/5ml)', '2024-05-02 00:00:00', '407527634', 'Palpitations Dizziness Fainting Fatigue Headache Sleepiness Gastrointestinal disturbance Confusion Numbness', 'Treatment of Dry cough'),
(32834, 'Amtas 5 Tablet', 193.72, 'n33hxfz2x9gnn38go5zc.png', 'Amlodipine (5mg)', '2024-04-28 00:00:00', '999440192', 'Headache Fatigue Nausea Abdominal pain Sleepiness', 'Treatment of Hypertension (high blood pressure)Prevention of Angina (heart-related chest pain)'),
(32835, 'Amoxyclav 375 Tablet', 104.07, 'f47517fb502e4d52998b9adeb585e4df.jpg', 'Amoxycillin  (250mg) +  Clavulanic Acid (125mg)', '2023-09-23 00:00:00', '805336704', 'Vomiting Nausea Diarrhea Mucocutaneous candidiasis', 'Treatment of Bacterial infections'),
(32836, 'Arbitel-Trio 50 Tablet ER', 76.94, 'fm1l5li5xtgffad5rhmy.jpg', 'Cilnidipine (10mg) + Metoprolol Succinate (50mg) + Telmisartan (40mg)', '2024-03-12 00:00:00', '176056964', 'Nausea Taste change Constipation Diarrhea Headache Dizziness Weakness Ankle swelling Flushing sense of warmth in the face ears neck and trunk Edema swelling Increased potassium level in blood Slow heart rate Numbness of extremity Cold extremities Decreased blood pressure', ' Hypertension (high blood pressure)'),
(32837, 'Almox 250 Capsule', 271.04, 'vukpokboak2tykljsnir.jpg', 'Amoxycillin (250mg)', '2023-07-31 00:00:00', '110571217', 'Nausea Diarrhea Skin rash Vomiting', 'Treatment of Bacterial infections'),
(32838, 'Amlopres TL Tablet', 167.88, 'adzllpewnzw87iuuwwxl.jpg', 'Telmisartan (40mg) + Amlodipine (5mg)', '2023-07-19 00:00:00', '861985886', 'Sleepiness Ankle swelling Headache Flushing sense of warmth in the face ears neck and trunk Dizziness Tiredness Palpitations Upset stomach Increased potassium level in blood', 'Treatment of Hypertension (high blood pressure)'),
(32839, 'Asthakind-P Drops', 107.83, 'taol7bhbnf9qlud0nqmc.jpg', 'Ambroxol (7.5mg) + Guaifenesin (12.5mg) + Terbutaline (0.25mg)', '2023-11-20 00:00:00', '34971793', 'Excessive salivation Fatigue Paresthesia tingling or pricking sensation Stomach discomfort Arrhythmia irregular heartbeats Nausea Vomiting Diarrhea Dizziness Headache Rash Tremors Increased heart rate Indigestion Bloating Upper abdominal pain Urticaria Itching Sweating Changes in serum aminotransferase levels', 'Treatment of Cough with mucus'),
(32840, 'Aztor 20 Tablet', 132.92, 'leylf03db8nl1scfmdy2.jpg', 'Atorvastatin (20mg)', '2023-07-29 00:00:00', '958238188', 'Dyspepsia Abdominal pain Indigestion Diarrhea Joint pain Nasopharyngitis inflammation of the throat and nasal passages Nausea Pain in extremities Urinary tract infection Abnormal liver function tests', ' High cholesterolPrevention of Heart attack'),
(32841, 'Azulix 1 MF Tablet PR', 148.13, '51adc2d022e245a58ecb69e83dd3d9c3.jpg', 'Glimepiride (1mg) + Metformin (500mg)', '2023-11-30 00:00:00', '488146430', 'Hypoglycemia low blood glucose level Headache Nausea Diarrhea Flatulence', 'Treatment of Type 2 diabetes mellitus'),
(32842, 'Aqualube Eye Drop', 182.68, 'oz7n4jf0tjs9v5rvlayv.jpg', 'Carboxymethylcellulose (0.5% w/v)', '2023-05-20 00:00:00', '101996093', 'Eye irritation Burning eyes Eye discomfort Eye itching Eye pain', 'Treatment of Dry eyes'),
(32843, 'Ambrolite Syrup', 207.86, 'qsonjrz8itujtlypau40.jpg', 'Ambroxol (30mg/5ml)', '2023-05-15 00:00:00', '131046093', 'Vomiting Nausea Upset stomach', 'Treatment of Respiratory tract disorders associated with viscid mucus'),
(32844, 'Aztor Asp 75 Capsule', 264.96, '6a3a8eee2bc847219154eac3914866a3.jpg', 'Atorvastatin (10mg) + Aspirin (75mg)', '2024-04-04 00:00:00', '913021384', 'Abdominal pain Constipation Flatulence Increased liver enzymes Hepatitis viral infection of liver Reye s syndrome like symptoms', 'Treatment of Prevention of heart attack and stroke'),
(32845, 'Acuclav 625 Tablet', 138.64, 'f5adefe53022481c9a5217992fe8600d.jpg', 'Amoxycillin  (500mg) +  Clavulanic Acid (125mg)', '2024-01-20 00:00:00', '345765098', 'Vomiting Nausea Diarrhea Mucocutaneous candidiasis', 'Treatment of Bacterial infections'),
(32846, 'Ascoril SF Expectorant', 193.94, '8788fc3cb7c344ab8f8907ae1524e05f.jpg', 'Guaifenesin (50mg) + Terbutaline (1.25mg) + Bromhexine (2mg)', '2024-04-02 00:00:00', '34348844', 'Nausea Diarrhea Bloating Indigestion Vomiting Stomach pain Sweating Dizziness Headache Skin rash Hives Tremors Increased heart rate', 'Treatment of Cough with mucus'),
(32847, 'Acutret 20 Capsule', 107.63, 'e5f11a9aa45845c7b4d36f440a0b8a1f.jpg', 'Isotretinoin (20mg)', '2023-09-23 00:00:00', '891494354', 'Dry skin Increased liver enzymes Rash', 'Treatment of Acne'),
(32848, 'Adalene Nanogel Gel', 224.96, 'adg8hob7slvaxeeziydx.jpg', 'Adapalene (0.1% w/w) + Clindamycin (1% w/w)', '2023-12-22 00:00:00', '479233262', 'Skin peeling Erythema skin redness Itching Dry skin Burning sensation at the site of application', 'Treatment of Acne'),
(32849, 'Anorelief Cream', 176.34, 'fdlq7sbdfdc1kqe3jbnl.jpg', 'Lidocaine (1.5% w/w) + Nifedipine (0.3% w/w)', '2023-06-05 00:00:00', '127877856', 'Anal irritation', 'Treatment of Anal fissure'),
(32850, 'Atorfit CV 10 Capsule', 139.83, 'uymcdzbsigiysvwsqa9m.jpg', 'Atorvastatin (10mg) + Clopidogrel (75mg)', '2023-07-18 00:00:00', '194251625', 'Stomach pain Diarrhea Indigestion Constipation Headache Dizziness Muscle pain Weakness Increased glucose level in blood Increased liver enzymes', ' Heart attack prevention and high cholesterol'),
(32851, 'Allercet Cold Tablet', 204.97, '07fd1bbe050a42ddbac296b989993780.jpg', 'Levocetirizine (5mg) + Phenylephrine (10mg) + Paracetamol (500mg)', '2024-02-25 00:00:00', '386611117', 'Vomiting Dryness in mouth Headache Sleepiness Fatigue Constipation Diarrhea', 'Treatment of Common cold'),
(32852, 'AD 100mg Capsule', 165.44, 'uxs7igrdgo8fuvjqatmm.jpg', 'Racecadotril (100mg)', '2023-05-22 00:00:00', '73110994', 'Vomiting Dizziness General discomfort Headache', 'Treatment of Diarrhea'),
(32853, 'Actrapid HM 100IU/ml Penfill', 247.16, 'znbiebd3paigcct851ze.jpg', 'Human insulin (100IU)', '2023-12-17 00:00:00', '441484039', 'Hypoglycemia low blood glucose level Weight gain Injection site reactions pain swelling redness Cold sweat Anxiety Shakiness Hunger pangs Fast heart rate Headache Nervousness', ' Diabetes'),
(32854, 'Arpizol 5 Tablet', 98.21, 'th3kffhh2joaecmogxp7.jpg', 'Aripiprazole (5mg)', '2023-05-30 00:00:00', '774823879', 'Akathisia inability to stay still Anxiety Blurred vision Constipation Dizziness Fatigue Headache Increased saliva production Indigestion Insomnia difficulty in sleeping Nausea Parkinsonism Restlessness Sleepiness Tremors Vomiting', ' Schizophrenia Mania'),
(32855, 'Alkacip Syrup 100ml for Kidney &amp; Gout Stone', 282.11, '5b1149db52ce482f9da9848e43d61f01.jpg', 'Disodium Hydrogen Citrate (1.53gm/5ml)', '2023-09-11 00:00:00', '303946245', 'Stomach pain Tiredness Diarrhea Nausea Vomiting Frequent urge to urinate', 'Treatment of GoutTreatment of Kidney stone'),
(32856, 'Azulix 2 MF Tablet PR', 187.55, 'c859ebbaeee349438113faa80562b0c5.jpg', 'Glimepiride (2mg) + Metformin (500mg)', '2023-07-24 00:00:00', '774302001', 'Hypoglycemia low blood glucose level Headache Nausea Diarrhea Flatulence', 'Treatment of Type 2 diabetes mellitus'),
(32857, 'Azilide 500 Tablet', 85.91, '7db86891204a4498bbeeb3d71def9ff7.jpg', 'Azithromycin (500mg)', '2024-01-21 00:00:00', '831518200', 'Nausea Abdominal pain Diarrhea', 'Treatment of Bacterial infections'),
(32858, 'Atorlip 10 Tablet', 61.03, 'rxxknntaos3tjkorxqmg.jpg', 'Atorvastatin (10mg)', '2023-11-16 00:00:00', '943363510', 'Dyspepsia Abdominal pain Indigestion Diarrhea Joint pain Nasopharyngitis inflammation of the throat and nasal passages Nausea Pain in extremities Urinary tract infection Abnormal liver function tests', ' High cholesterolPrevention of Heart attack'),
(32859, 'Augpen LB 625 Tablet', 277.5, 'ixcddofm0qs4qawp1isc.jpg', 'Amoxycillin (500mg) + Clavulanic Acid (125mg) + Lactobacillus (60Million spores)', '2024-01-30 00:00:00', '471959613', 'Nausea Diarrhea Vomiting Flatulence Rash Allergic reaction', ' Bacterial infections'),
(32860, 'Aceclo Sera 100mg/325mg/15mg Tablet', 143.42, '9f5867dd55fe4e5b882557115c29f9ef.jpg', 'Aceclofenac (100mg) + Paracetamol (325mg) + Serratiopeptidase (15mg)', '2023-11-23 00:00:00', '745216412', 'Nausea Vomiting Stomach pain Indigestion Heartburn Loss of appetite Diarrhea', ' Pain relief'),
(32861, 'Amaryl MV 2mg Tablet SR', 92.68, 'io5r4un7nhw401mktad0.jpg', 'Glimepiride (2mg) + Metformin (500mg) + Voglibose (0.2mg)', '2023-08-10 00:00:00', '187817304', 'Nausea Diarrhea Abdominal pain Hypoglycemia low blood glucose level', 'Treatment of Type 2 diabetes mellitus'),
(32862, 'Acivir 200 DT Tablet', 172.14, 'h2bvejnyzujiz6be9mbm.jpg', 'Acyclovir (200mg)', '2023-08-23 00:00:00', '357030777', 'Headache Dizziness Vomiting Nausea Fatigue Fever Stomach pain Diarrhea Skin rash Photophobia', ' Herpes Simplex Virus Infections Chickenpox Herpes labialis Shingles Genital herpes infection'),
(32863, 'Amlip AT Tablet', 286.49, '7e4c1b8b91ac4c60b04ba2e807de7ae4.jpg', 'Amlodipine (5mg) + Atenolol (50mg)', '2023-06-18 00:00:00', '852156423', 'Sleepiness Headache Ankle swelling Flushing sense of warmth in the face ears neck and trunk Slow heart rate Palpitations Nausea Edema swelling Constipation Tiredness Cold extremities', 'Treatment of Hypertension (high blood pressure)'),
(32864, 'Axcer  90mg Tablet', 289.02, 'urifxhl4v12ilye2pvmy.png', 'Ticagrelor (90mg)', '2024-04-07 00:00:00', '41005586', 'Bleeding Breathlessness', ' Prevention of heart attack and stroke'),
(32865, 'Acitrom 3 Tablet', 82.8, 'npto8k0jmxkxzueoof1j.jpg', 'Acenocoumarol (3mg)', '2023-12-13 00:00:00', '119739211', 'Hemorrhage', 'Treatment and prevention of Blood clots'),
(32866, 'Avas 10 Tablet', 218.95, '71cebaaab96f40589ffda9218ace36bf.jpg', 'Atorvastatin (10mg)', '2023-06-06 00:00:00', '178049765', 'Dyspepsia Abdominal pain Indigestion Diarrhea Joint pain Nasopharyngitis inflammation of the throat and nasal passages Nausea Pain in extremities Urinary tract infection Abnormal liver function tests', ' High cholesterolPrevention of Heart attack'),
(32867, 'Air 180 Tablet', 231.97, '6fed8700-a713-4db7-9b9b-710eef9c17d6.jpeg', 'Fexofenadine (180mg)', '2023-11-17 00:00:00', '698571897', 'Headache Drowsiness Dizziness Nausea', 'Treatment of Sneezing and runny nose due to allergiesTreatment of Allergic conditions'),
(32868, 'Arcalion Tablet', 113.58, 'ev4hjmirys4yfffujw7f.jpg', 'Sulbutiamine (200mg)', '2023-06-25 00:00:00', '656813028', 'Skin rash Anxiety Headache', ' Fatigue Alzheimer\'s disease'),
(32869, 'Apigat 2.5 Tablet', 129.74, 'o0xdvolhclgyqt0tfhog.jpg', 'Apixaban (2.5mg)', '2024-04-21 00:00:00', '767653285', 'Anemia low number of red blood cells Blood in urine Bruise Nausea Nosebleeds Hematoma', 'Treatment and prevention of Blood clots'),
(32870, 'Aquasurge  Eye Drop', 151.57, 'o52nr8omzsijxwkbplc6.jpg', 'Carboxymethylcellulose (0.5% w/v)', '2023-09-09 00:00:00', '753923589', 'Eye irritation Burning eyes Eye discomfort Eye itching Eye pain', 'Treatment of Dry eyes'),
(32871, 'Aceclo Spas Tablet', 150.56, 'bja6z9rsvykneefyzuva.jpg', 'Drotaverine (80mg) + Aceclofenac (100mg)', '2023-08-21 00:00:00', '540230333', 'Diarrhea Nausea Vomiting Dryness in mouth Dizziness Vertigo Insomnia difficulty in sleeping Hypotension low blood pressure Fast heart rate Sweating Constipation Indigestion Abdominal pain Increased liver enzymes', 'Treatment of Abdominal pain'),
(32872, 'Apdrops KT 0.4 Eye Drops BAK Free', 278.09, 'gofpdilzrkqkr1hmfjkn.jpg', 'Ketorolac (0.4% w/v) + Moxifloxacin (0.5% w/v)', '2023-09-14 00:00:00', '141626128', 'Conjunctivitis Reduced visual acuity Dry eye Eye discomfort Ocular hyperemia Eye pain Eye twitching Subconjunctival hemorrhage Transient stinging Transient burning Allergic reaction Corneal edema Iritis inflammation of the middle layer of the eye Eye inflammation Superficial keratitis Eye infection Fever Cough Infection Otitis media infection of ear Sore throat Rash Inflammation of the nose Taste change', 'Treatment of Bacterial eye infections'),
(32873, 'Aciloc Injection', 52.67, 'c398cafafb0e4f339d4270aa111ca484.jpg', 'Ranitidine (25mg)', '2023-10-27 00:00:00', '606264072', 'Headache Diarrhea Gastrointestinal disturbance', 'Treatment of Gastroesophageal reflux disease (Acid reflux)Treatment of Peptic ulcer disease'),
(32874, 'Arcolane 2% Scalp Solution', 153.43, 'tuoen5uudvdnaap8vhhl.jpg', 'Ketoconazole (2% w/v)', '2023-09-05 00:00:00', '422698253', 'Skin peeling Application site reactions burning irritation itching and redness Nausea Vomiting Abdominal pain Increased liver enzymes Application site redness Itching Diarrhea Abnormal liver function tests Adrenal insufficiency Application site burning', ' Fungal skin infections'),
(32875, 'Amnurite  10 Tablet SR', 115.03, 'h4kckslfzeglofqo45qv.jpg', 'Amitriptyline (10mg) + Methylcobalamin (1500mcg)', '2024-02-13 00:00:00', '260655807', 'Constipation Difficulty in urination Weight gain Dryness in mouth Orthostatic hypotension sudden lowering of blood pressure on standing Drowsiness Blurred vision Increased heart rate', ' Neuropathic pain'),
(32876, 'Augpen -DS Suspension', 143.58, 'mbh6dewfqokoeziyo2rq.jpg', 'Amoxycillin  (400mg/5ml) +  Clavulanic Acid (57mg/5ml)', '2023-12-03 00:00:00', '254725631', 'Abdominal pain Allergy Vomiting Nausea Diarrhea Mucocutaneous candidiasis', 'Treatment of Resistant Tuberculosis (TB)Treatment of Bacterial infections'),
(32877, 'Asthalin Respirator Solution', 263.09, 'v0zjefepi5c0kruoyhs1.jpg', 'Salbutamol (5mg)', '2024-03-18 00:00:00', '797345588', 'Tremors Headache Palpitations Increased heart rate Muscle cramp Respiratory tract inflammation Respiratory tract infection Cough', 'Treatment of Chronic obstructive pulmonary disease (COPD)Treatment and prevention of Asthma'),
(32878, 'Atchol-F Tablet', 293.56, 'jn9fmlp5dxy1m5lvndsh.jpg', 'Atorvastatin (10mg) + Fenofibrate (160mg)', '2023-12-06 00:00:00', '89279334', 'Nausea Stomach pain Constipation Flatulence Headache Muscle pain Increased liver enzymes Increased glucose level in blood', 'Treatment of High cholesterolPrevention of Heart attack'),
(32879, 'Asthalin AX Syrup', 146.05, 'cc6dda2c57324cc18311fe92bb6dfd94.jpg', 'Ambroxol (30mg/5ml) + Levosalbutamol (1mg/5ml) + Guaifenesin (50mg/5ml)', '2024-03-05 00:00:00', '417063894', 'Nausea Vomiting Diarrhea Upset stomach Stomach pain Allergic reaction Dizziness Headache Rash Hives Tremors Palpitations Muscle cramp Increased heart rate', 'Treatment of Cough with mucus'),
(32880, 'Alensol-D Tablet', 65.75, 'jjsl6baqk4wlpahwdgaw.jpg', 'Alendronic Acid (70mg) + Vitamin D3 (5600IU)', '2023-11-17 00:00:00', '611442793', 'Headache Musculoskeletal bone muscle or joint pain Back pain Indigestion Diarrhea Heartburn', ' Osteoporosis'),
(32881, 'Atorva 80 Tablet', 189.32, 'nqdg1s3wio5clwhg3zxz.jpg', 'Atorvastatin (80mg)', '2024-01-09 00:00:00', '659266820', 'Dyspepsia Abdominal pain Indigestion Diarrhea Joint pain Nasopharyngitis inflammation of the throat and nasal passages Nausea Pain in extremities Urinary tract infection Abnormal liver function tests', ' High cholesterolPrevention of Heart attack'),
(32882, 'Artificial Tears BP Eye Drop', 67.93, 'wexw5jlzwccwodu2dnun.png', 'Hydroxypropylmethylcellulose (0.3% w/v)', '2024-03-01 00:00:00', '131002948', 'Blurred vision Eye irritation Eye pain Eye redness Foreign body sensation in eyes', ' Dry eyes'),
(32883, 'Alciflox 500mg Tablet', 185.9, '99ad35a7af6642168824d8f1153a632a.jpg', 'Ciprofloxacin (500mg)', '2023-11-22 00:00:00', '519101363', 'Headache Dizziness Gastrointestinal disorder Joint pain Urticaria', 'Treatment of Bacterial infections'),
(32884, 'Amitop 10 Tablet', 287.42, 'yd902wsecm1kkwe28zer.jpg', 'Amitriptyline (10mg)', '2023-10-19 00:00:00', '438376709', 'Constipation Dryness in mouth Orthostatic hypotension sudden lowering of blood pressure on standing Weight gain Aggressive behavior Nasal congestion stuffy nose Sleepiness Dizziness Headache Decreased libido Nausea Fatigue Confusion Tremors Speech disorder Palpitations Taste change Paresthesia tingling or pricking sensation Abnormality of voluntary movements Loss of accommodation Atrioventricular block Micturition disorders Erectile dysfunction Abnormal E C G Decreased sodium level in blood', 'Treatment of Depression Neuropathic painTreatment of Migraine'),
(32885, 'Atonide Gel', 235.95, '36157f50ccd64cf3941248def3773c24.jpg', 'Desonide (0.05% w/w)', '2023-10-11 00:00:00', '762655772', 'Application site reactions burning irritation itching and redness Rash', ' Skin conditions with inflammation & itching'),
(32886, 'Ambrodil-D Syrup', 124.91, 'ygwjo0jeiieliqgcjska.jpg', 'Chlorpheniramine Maleate (2mg) + Dextromethorphan Hydrobromide (10mg)', '2023-06-09 00:00:00', '941235396', 'Upset stomach Sleepiness', 'Treatment of Dry cough'),
(32887, 'Allercet Tablet', 257.45, 'efc89639124441f58c221b1dc283798c.jpg', 'Cetirizine (10mg)', '2023-06-26 00:00:00', '11306694', 'Sleepiness Fatigue Vomiting Dryness in mouth Headache Constipation', 'Treatment of Allergic conditions'),
(32888, 'Apidra 100IU Cartridge', 125.89, '496568e88c994026a27e4daff8689b17.jpg', 'Insulin Glulisine (100IU)', '2023-09-21 00:00:00', '934745292', 'Hypoglycemia low blood glucose level Allergic reaction Injection site reactions pain swelling redness Lipodystrophy skin thickening or pits at the injection site Itching Rash Upper respiratory tract infection', ' Diabetes'),
(32889, 'Aquim PF Eye Drop', 269.92, 'i09dq8qmfe8keusgoybt.jpg', 'Sodium Hyaluronate (0.18% w/v)', '2023-10-30 00:00:00', '540975257', 'Limited data available', 'Treatment of Dry eyes'),
(32890, 'Andre Plus Eye Drops', 232.29, 'ulcc48gh9rmjoithyc03.jpg', 'Naphazoline (0.056% w/v) + Chlorpheniramine Maleate (0.01% w/v) + Hydroxypropylmethylcellulose (0.2% w/v) + Zinc (0.12% w/v)', '2023-10-01 00:00:00', '839391534', 'Eye irritation Burning eyes Stinging in the eyes Blurred vision', 'Treatment of Allergic eye disease'),
(32891, 'Acamprol Tablet', 124.64, 'bff0b235c10c415da2e128cc680ba11a.jpg', 'Acamprosate (333mg)', '2024-03-29 00:00:00', '971369955', 'Diarrhea Abdominal pain Nausea Vomiting Decreased libido Itching Flatulence Impotence', ' Alcohol addiction'),
(32892, 'Amitryn 10 Tablet', 243.2, 'sovftfweurv0bnszgiia.jpg', 'Amitriptyline (10mg)', '2024-02-16 00:00:00', '370276107', 'Constipation Dryness in mouth Orthostatic hypotension sudden lowering of blood pressure on standing Weight gain Aggressive behavior Nasal congestion stuffy nose Sleepiness Dizziness Headache Decreased libido Nausea Fatigue Confusion Tremors Speech disorder Palpitations Taste change Paresthesia tingling or pricking sensation Abnormality of voluntary movements Loss of accommodation Atrioventricular block Micturition disorders Erectile dysfunction Abnormal E C G Decreased sodium level in blood', 'Treatment of Depression Neuropathic painTreatment of Migraine'),
(32893, 'Acnesol A Nano Gel', 194.77, 'b1geyqvnstj35eicfk4y.jpg', 'Adapalene (0.1% w/w) + Clindamycin (1% w/w)', '2024-03-21 00:00:00', '339818965', 'Skin peeling Erythema skin redness Itching Dry skin Burning sensation at the site of application', 'Treatment of Acne'),
(32894, 'Acular LS Ophthalmic Solution', 123.62, 'rzhc4smngmxvjjvi7dqd.jpg', 'Ketorolac (0.4% w/v)', '2023-08-01 00:00:00', '946107457', 'Burning sensation Stinging sensation', ' Post-operative eye pain and inflammation'),
(32895, 'Acupat Ophthalmic Solution', 73.46, 'advh0acvvfjztvu6jwaz.jpg', 'Ketorolac (0.4% w/v) + Olopatadine (0.1% w/v)', '2023-11-01 00:00:00', '55229407', 'Burning eyes Stinging in the eyes Dry eye', 'Treatment of Allergic conjunctivitis'),
(32896, 'Adilip 135 Tablet DR', 200.24, 'ql7hpartigem03utg1uj.jpg', 'Choline fenofibrate (135mg)', '2024-04-03 00:00:00', '271018544', 'Abdominal pain Nausea Vomiting Diarrhea Flatulence Increased liver enzymes Increased creatine phosphokinase C P K level in blood Inflammation of the nose Back pain Headache', ' High cholesterol'),
(32897, 'Augpen 625 BID Tablet', 83.89, 't2baz67ajbvpsfi6qv5k.jpg', 'Amoxycillin  (500mg) +  Clavulanic Acid (125mg)', '2024-03-15 00:00:00', '526573625', 'Vomiting Nausea Diarrhea Mucocutaneous candidiasis', 'Treatment of Bacterial infections'),
(32898, 'Allercet-M Tablet', 183.82, 'eiz4irqdi1r6a85bqvv0.jpg', 'Levocetirizine (5mg) + Montelukast (10mg)', '2023-05-11 00:00:00', '553165582', 'Nausea Diarrhea Dryness in mouth Fatigue Headache Skin rash Sleepiness Vomiting', 'Treatment of Sneezing and runny nose due to allergiesTreatment of Hay feverTreatment of Allergic skin conditions'),
(32899, 'Arip MT 2 Tablet', 70.22, 'ffc861aee7f047279937f206e93b37c0.jpg', 'Aripiprazole (2mg)', '2023-08-15 00:00:00', '444239467', 'Akathisia inability to stay still Anxiety Blurred vision Constipation Dizziness Fatigue Headache Increased saliva production Indigestion Insomnia difficulty in sleeping Nausea Parkinsonism Restlessness Sleepiness Tremors Vomiting', ' Schizophrenia Mania'),
(32900, 'Aztolet  20 Tablet', 133.97, 'tusi28fvrjlxc5iabujk.jpg', 'Atorvastatin (20mg) + Clopidogrel (75mg)', '2023-09-13 00:00:00', '971793278', 'Stomach pain Diarrhea Indigestion Constipation Headache Dizziness Muscle pain Weakness Increased glucose level in blood Increased liver enzymes', ' Heart attack prevention and high cholesterol'),
(32901, 'Acceclowoc-P Tablet', 257.07, '9c095e85a07a4558aba860dc3e0d4280.jpg', 'Aceclofenac (100mg) + Paracetamol (325mg)', '2024-02-28 00:00:00', '774915779', 'Nausea Vomiting Stomach pain epigastric pain Loss of appetite Heartburn Diarrhea', ' Pain relief'),
(32902, 'Ascoril Plus Expectorant', 109.7, 'd309ed0b667b4140bda6dc12857270e1.jpg', 'Bromhexine (2mg/5ml) + Guaifenesin (50mg/5ml) + Menthol (0.5mg/5ml) + Terbutaline (1.25mg/5ml)', '2024-02-12 00:00:00', '95500211', 'Nausea Indigestion Bloating Vomiting Diarrhea Stomach pain Dizziness Headache Sweating Skin rash Hives Tremors Increased heart rate Palpitations', 'Treatment of Cough'),
(32903, 'Amaryl MV 1mg Tablet SR', 225.06, 'cfik2fjtgvuxottzobgb.jpg', 'Glimepiride (1mg) + Metformin (500mg) + Voglibose (0.2mg)', '2024-02-29 00:00:00', '723482748', 'Nausea Diarrhea Abdominal pain Hypoglycemia low blood glucose level', 'Treatment of Type 2 diabetes mellitus'),
(32904, 'Alfusin D Tablet ER', 174.43, 'vt47owilplqgy7jf6kae.jpg', 'Alfuzosin (10mg) + Dutasteride (0.5mg)', '2024-03-08 00:00:00', '881070890', 'Impotence Decreased libido Ejaculation disorder Headache Nausea Abdominal pain Upper respiratory tract infection Breast enlargement in male Breast tenderness in male', 'Treatment of Benign prostatic hyperplasia'),
(32905, 'Altraz Tablet', 189.2, 'xt9zcl0bmuxowinzdpgh.jpg', 'Anastrozole (1mg)', '2023-11-21 00:00:00', '234556103', 'Hot flashes Nausea Osteoporosis Skin rash Weakness', ' Breast cancer'),
(32906, 'Acivir Cream', 69.78, 'p9xnstgcsotklzsjazkp.jpg', 'Acyclovir (5% w/w)', '2023-10-10 00:00:00', '277532265', 'Application site reactions burning irritation itching and redness', ' Herpes labialis'),
(32907, 'Atropine 1% Eye Drop', 245.18, '19f9b3e4a951437697bc940bfac7d64e.jpg', 'Atropine (1% w/v)', '2023-07-31 00:00:00', '76010103', 'Stinging sensation High blood pressure', 'Treatment of MyopiaTreatment of Uveitis'),
(32908, 'Aquaviron Injection 1ml', 66.85, '84db4607a7454cd5a4b33c681b38cea2.jpg', 'Testosterone (25mg)', '2023-06-04 00:00:00', '658410500', 'Injection site reactions pain swelling redness Acne Voice change Breast enlargement in male', 'Treatment of Male hypogonadism'),
(32909, 'Acera-D Capsule SR', 253.93, 'cbkzwmb55l0zb29pjotb.jpg', 'Domperidone (30mg) + Rabeprazole (20mg)', '2023-11-26 00:00:00', '870409490', 'Diarrhea Stomach pain Dryness in mouth Headache Dizziness Flatulence Weakness Flu like symptoms', 'Treatment of Gastroesophageal reflux disease (Acid reflux)Treatment of Peptic ulcer disease'),
(32910, 'Atormac CV10 Capsule', 186.32, 'ktv5gdgevhuhavppk0zj.jpg', 'Atorvastatin (10mg) + Clopidogrel (75mg)', '2023-11-23 00:00:00', '820651535', 'Stomach pain Diarrhea Indigestion Constipation Headache Dizziness Muscle pain Weakness Increased glucose level in blood Increased liver enzymes', ' Heart attack prevention and high cholesterol'),
(32911, 'Alphadol 0.25mcg Capsule', 266.83, 'rvmrjufpswxkmwe9jahd.jpg', 'Alfacalcidol (0.25mcg)', '2023-06-26 00:00:00', '381753632', 'Rash Itching Abdominal pain Increased calcium level in blood Increased calcium in urine Increased phosphate level in blood', 'Treatment of Vitamin D deficiency'),
(32912, 'Ajaduo 10mg/5mg Tablet', 181.77, '6ac53e57133b41d8a725eb09684a5062.jpg', 'Empagliflozin (10mg) + Linagliptin (5mg)', '2023-07-03 00:00:00', '98869817', 'Hypoglycemia low blood glucose level Cough Nasopharyngitis inflammation of the throat and nasal passages Urinary tract infection Nausea Vomiting Constipation Genital fungal infection', 'Treatment of Type 2 diabetes mellitus'),
(32913, 'Apdrops DM Eye Drop', 211.34, '3496e1cbd39e4869a4a34e046cb2b563.jpg', 'Moxifloxacin (0.5% w/v) + Dexamethasone (0.1% w/v)', '2024-04-16 00:00:00', '59948785', 'Eye irritation Eye discomfort Blurred vision', 'Treatment of Bacterial eye infections'),
(32914, 'Arbitel-Trio 25 Tablet ER', 130.8, 'smtdylkjeg6b7x8snya6.jpg', 'Cilnidipine (10mg) + Metoprolol Succinate (25mg) + Telmisartan (40mg)', '2023-12-01 00:00:00', '158144285', 'Nausea Taste change Constipation Diarrhea Headache Dizziness Weakness Ankle swelling Flushing sense of warmth in the face ears neck and trunk Edema swelling Increased potassium level in blood Slow heart rate Numbness of extremity Cold extremities Decreased blood pressure', ' Hypertension (high blood pressure)'),
(32915, 'Amicline Plus Tablet', 109.77, 'zggpgh22cytjkrytv9rz.jpg', 'Ornidazole (250mg) + Diloxanide (375mg)', '2023-08-21 00:00:00', '358094952', 'Nausea Loss of appetite Flatulence Dizziness Headache', ' Diarrhea Dysentery'),
(32916, 'Amlokind-L Tablet', 97.2, '1c101b8bee4f428d9ab8b99fa06b1331.jpg', 'Losartan (50mg) + Amlodipine (5mg)', '2023-08-18 00:00:00', '271815199', 'Sleepiness Ankle swelling Headache Flushing sense of warmth in the face ears neck and trunk Dizziness Palpitations Increased potassium level in blood Fatigue Nausea Edema swelling Abdominal pain Visual disturbance Breathlessness Change in bowel habits Nasal congestion stuffy nose Upper respiratory tract infection', ' Hypertension (high blood pressure)'),
(32917, 'Amrolstar Nail Lacquer', 168.43, 'pqlsccd2ckjmmehl5dyy.jpg', 'Amorolfine (5% w/v)', '2024-04-10 00:00:00', '994270728', 'Blisters on skin Nail disorder Skin irritation Skin rash Erythema skin redness', ' Fungal nail infections'),
(32918, 'Amnurite  5 mg/1500 mcg Tablet', 69.49, '159b74950c6443d2ae27e2b863013fd6.jpg', 'Amitriptyline (5mg) + Methylcobalamin (1500mcg)', '2024-03-16 00:00:00', '956727660', 'Constipation Difficulty in urination Weight gain Dryness in mouth Orthostatic hypotension sudden lowering of blood pressure on standing Drowsiness Blurred vision Increased heart rate', ' Neuropathic pain'),
(32919, 'Acuvert Tablet', 269.9, 'zbhddumox1grpuc0v4au.jpg', 'Prochlorperazine (5mg)', '2024-05-04 00:00:00', '453288648', 'Drowsiness Orthostatic hypotension sudden lowering of blood pressure on standing', 'Treatment of VertigoTreatment of NauseaTreatment of VomitingTreatment of MigraineTreatment of Short term anxiety'),
(32920, 'Ambrodil Drop', 272.79, 'itaycdxdaorxh6ths0z3.jpg', 'Ambroxol (7.5mg)', '2024-01-05 00:00:00', '714069370', 'Excessive salivation Taste change Dry throat Dryness in mouth Numbness in mouth Fatigue Nausea Vomiting Diarrhea Stomach pain Indigestion Skin rash', 'Treatment of Cough with mucusTreatment of Acute Sore throatTreatment of Respiratory tract disorders associated with viscid mucus'),
(32921, 'Azmarda 100mg Tablet', 275.9, 'b40cdf83-fb61-4ffe-92e8-7f253b91ba25.jpeg', 'Sacubitril (49mg) + Valsartan (51mg)', '2024-01-30 00:00:00', '686166434', 'Dizziness Increased potassium level in blood Fatigue Hypotension low blood pressure', 'Treatment of Heart failure'),
(32922, 'Alzil-M 5 Tablet', 252.13, 'ff827051ee394ef98d6259b6b4d65f98.jpg', 'Donepezil (5mg) + Memantine (5mg)', '2023-11-13 00:00:00', '871393888', 'Nausea Vomiting Loss of appetite Diarrhea Headache Dizziness Bleeding under the skin', ' Alzheimer\'s disease'),
(32923, 'Amicon 10 Tablet', 66.97, 'b540e93d956647a482b5923fd1bee529.jpg', 'Amitriptyline (10mg)', '2023-06-30 00:00:00', '838703157', 'Constipation Dryness in mouth Orthostatic hypotension sudden lowering of blood pressure on standing Weight gain Aggressive behavior Nasal congestion stuffy nose Sleepiness Dizziness Headache Decreased libido Nausea Fatigue Confusion Tremors Speech disorder Palpitations Taste change Paresthesia tingling or pricking sensation Abnormality of voluntary movements Loss of accommodation Atrioventricular block Micturition disorders Erectile dysfunction Abnormal E C G Decreased sodium level in blood', 'Treatment of Depression Neuropathic painTreatment of Migraine'),
(32924, 'Asomex 5 Tablet', 163.12, 'yv1nzkwtqkqstlpxcts7.jpg', 'S-Amlodipine (5mg)', '2023-10-01 00:00:00', '417188504', 'Ankle swelling Dizziness Fatigue Flushing sense of warmth in the face ears neck and trunk Headache Palpitations Abdominal pain Muscle cramp Nausea Sleepiness Visual disturbance Dyspepsia Breathlessness Change in bowel habits', 'Treatment of Hypertension (high blood pressure)Prevention of Angina (heart-related chest pain)Prevention of Heart attackPrevention of Stroke'),
(32925, 'Althrocin Liquid', 147.21, 'jhfjynmdxyicaou3ohtj.jpg', 'Erythromycin (125mg/5ml)', '2023-07-25 00:00:00', '953608265', 'Vomiting Nausea Abdominal pain Diarrhea Allergy', 'Treatment of PertussisTreatment of DiphtheriaTreatment of Bacterial infections'),
(32926, 'Albucel 20% Infusion', 241.99, 'izf4zqdhnruf4xo8gpqw.jpg', 'Albumin (20%)', '2023-07-31 00:00:00', '687922174', 'Vomiting Flushing sense of warmth in the face ears neck and trunk Fever Nausea Chills Hives Slow heart rate', ' Short term fluid replacement after trauma'),
(32927, 'Apigat 5 Tablet', 270.57, 'kxmn0jdafgkpuzd2kfkp.jpg', 'Apixaban (5mg)', '2023-09-23 00:00:00', '924318023', 'Anemia low number of red blood cells Blood in urine Bruise Nausea Nosebleeds Hematoma', 'Treatment and prevention of Blood clots'),
(32928, 'Amlong 2.5 Tablet', 250.4, 'xfuvqlyssakijve0ins0.jpg', 'Amlodipine (2.5mg)', '2023-11-21 00:00:00', '360751870', 'Headache Fatigue Nausea Abdominal pain Sleepiness', 'Treatment of Hypertension (high blood pressure)Prevention of Angina (heart-related chest pain)'),
(32929, 'Anxiset 0.5 Tablet', 67.49, 'ws313egszdww6kfxrtyg.jpg', 'Flupenthixol (0.5mg)', '2024-03-10 00:00:00', '559339169', 'Sleepiness Orthostatic hypotension sudden lowering of blood pressure on standing Dryness in mouth Abnormality of voluntary movements Weight gain Increased prolactin level in blood Urinary retention Constipation Muscle stiffness Tremors', ' Schizophrenia Depression Bipolar disorder'),
(32930, 'All 9 NVP Tablet', 240.99, 'nro9qgcuh9km2jxib8fj.jpg', 'Doxylamine (20mg) + Vitamin B6 (Pyridoxine) (10mg) + L-Methyl Folate Calcium (1mg) + Methylcobalamin (1500mcg)', '2024-04-18 00:00:00', '531302427', 'Dryness in mouth Constipation Lightheadedness Drowsiness', ' Nausea and vomiting in pregnancy'),
(32931, 'Angiwell 2.6mg Tablet', 280.17, '203880915585426d94941c72705a4fc5.jpg', 'Nitroglycerin (2.6mg)', '2024-03-01 00:00:00', '887400908', 'Blurred vision Decreased blood pressure Dizziness Headache Increased heart rate Lightheadedness Paresthesia tingling or pricking sensation', 'Treatment of Angina (heart-related chest pain)'),
(32932, 'Almefkem Spas 10mg/250mg Tablet', 86.8, '318d8bce40564f4eba2d5bc8ce4377fe.jpg', 'Dicyclomine (10mg) + Mefenamic Acid (250mg)', '2023-07-14 00:00:00', '326634899', 'Dizziness Dryness in mouth Blurred vision Nausea Sleepiness Weakness Nervousness', 'Treatment of Menstrual painTreatment of Abdominal cramp'),
(32933, 'Azax 250 Tablet', 253.64, 'c5pphl3rwwwfqmhupowl.jpg', 'Azithromycin (250mg)', '2023-11-26 00:00:00', '662097266', 'Nausea Abdominal pain Diarrhea', 'Treatment of Bacterial infections'),
(32934, 'Amlong-A Tablet', 286.52, 'isdslye8ysniava1qggt.jpg', 'Amlodipine (5mg) + Atenolol (50mg)', '2023-11-26 00:00:00', '429977844', 'Sleepiness Headache Ankle swelling Flushing sense of warmth in the face ears neck and trunk Slow heart rate Palpitations Nausea Edema swelling Constipation Tiredness Cold extremities', 'Treatment of Hypertension (high blood pressure)'),
(32935, 'Aceclo Tablet', 153.89, 'kogynmu9hwmwgnfiibaa.jpg', 'Aceclofenac (100mg)', '2024-01-23 00:00:00', '815074497', 'Vomiting Stomach pain epigastric pain Nausea Indigestion Diarrhea Heartburn Loss of appetite', ' Pain relief'),
(32936, 'Acimol Forte 100mg/325mg/15mg Tablet', 141.26, 'a0f9e99d04d64cd6b580d41ef80347fc.jpg', 'Aceclofenac (100mg) + Paracetamol (325mg) + Serratiopeptidase (15mg)', '2023-08-05 00:00:00', '687278000', 'Nausea Vomiting Stomach pain Indigestion Heartburn Loss of appetite Diarrhea', ' Pain relief'),
(32937, 'Acitrom 4 Tablet', 151.7, 'diqxvx8wq3d1cv2btda9.jpg', 'Acenocoumarol (4mg)', '2024-01-03 00:00:00', '431043800', 'Hemorrhage', 'Treatment and prevention of Blood clots'),
(32938, 'Aprecap 125/80 Capsule', 191.68, '7a4e3f1ac24c439eaa6a22f20ac7a097.jpg', 'Aprepitant (125mg) + Aprepitant (80mg)', '2023-10-23 00:00:00', '534326456', 'Constipation Indigestion Headache Tiredness Loss of appetite Hiccup Increased liver enzymes', ' Nausea and vomiting due to chemotherapy'),
(32939, 'Anasure 5% Solution', 54.6, 'i28jtfeux7v1lwk96unc.png', 'Minoxidil (5% w/v)', '2024-01-10 00:00:00', '641536869', 'Itching Chest pain Headache Hypertrichosis excessive hair growth Rash Dermatitis Hypersensitivity Weight gain Fluid retention Tachycardia', 'Treatment of Hair loss'),
(32940, 'Adaple-C Gel', 64.91, '61bfd49dd6904a6fbd13d6d93ee2fa71.jpg', 'Adapalene (0.1% w/w) + Clindamycin (1% w/w)', '2024-02-28 00:00:00', '391075760', 'Skin peeling Erythema skin redness Itching Dry skin Burning sensation at the site of application', 'Treatment of Acne'),
(32941, 'Akilos-P Tablet', 239.68, 'c9237e1f50c34d13b40e10b96150e843.jpg', 'Aceclofenac (100mg) + Paracetamol (500mg)', '2024-04-24 00:00:00', '674469424', 'Nausea Vomiting Stomach pain epigastric pain Loss of appetite Heartburn Diarrhea', ' Pain relief'),
(32942, 'Azopt Opthalmic Suspension', 202.51, '93ea114c610f4b4f89d95b9474fe499f.jpg', 'Brinzolamide (1% w/v)', '2024-02-07 00:00:00', '267622935', 'Blurred vision Bitter taste', ' Glaucoma Ocular hypertension'),
(32943, 'Amrolstar Cream', 84.28, 'y6xqogi3cnfuey09pdj1.png', 'Amorolfine (0.25% w/w)', '2023-07-31 00:00:00', '120685803', 'Blisters on skin Nail disorder Skin irritation Skin rash Erythema skin redness', ' Fungal nail infections'),
(32944, 'Anosum Cream', 51.24, '32e41b2ae82745a194defe26de3580f8.jpg', 'Lidocaine (4% w/w) + Metronidazole (1% w/w) + Sucralfate (7% w/w)', '2024-03-04 00:00:00', '375788219', 'Burning sensation Tingling Rash', 'Treatment of Anal fissure'),
(32945, 'AF 200 Tablet', 226.46, 'txlrywsshxdfjjluicci.jpg', 'Fluconazole (200mg)', '2023-11-02 00:00:00', '803924349', 'Headache Nausea Stomach pain', 'Treatment of Fungal infections'),
(32946, 'Amlong 10 Tablet', 169.09, 'froqu6fbmvu9rcddgv4o.jpg', 'Amlodipine (10mg)', '2024-04-04 00:00:00', '723746860', 'Headache Fatigue Nausea Abdominal pain Sleepiness', 'Treatment of Hypertension (high blood pressure)Prevention of Angina (heart-related chest pain)'),
(32947, 'Azee XL 200mg Dry Syrup Peppermint', 146.96, 'p1frtbwmzbfsai5ymbwe.jpg', 'Azithromycin (200mg/5ml)', '2023-05-10 00:00:00', '127242894', 'Nausea Abdominal pain Diarrhea', 'Treatment of Bacterial infections'),
(32948, 'Acenext P 100mg/325mg Tablet', 226.42, 'obocczxfxfwcsjm3nt1l.jpg', 'Aceclofenac (100mg) + Paracetamol (325mg)', '2024-03-22 00:00:00', '290732931', 'Nausea Vomiting Stomach pain epigastric pain Loss of appetite Heartburn Diarrhea', ' Pain relief'),
(32949, 'Amlopin 5 Tablet', 271.35, 'qposuozhkjglker8eytb.jpg', 'Amlodipine (5mg)', '2024-03-08 00:00:00', '616550432', 'Headache Fatigue Nausea Abdominal pain Sleepiness', 'Treatment of Hypertension (high blood pressure)Prevention of Angina (heart-related chest pain)'),
(32950, 'Amlogard 5mg Tablet', 274.96, 'y4tfhzdttoh6jdw3tvoe.jpg', 'Amlodipine (5mg)', '2024-03-13 00:00:00', '320453716', 'Headache Fatigue Nausea Abdominal pain Sleepiness', 'Treatment of Hypertension (high blood pressure)Prevention of Angina (heart-related chest pain)'),
(32951, 'Arpizol 10 Tablet', 257.63, 's9fw45dy2glctqkv9h94.jpg', 'Aripiprazole (10mg)', '2024-01-24 00:00:00', '797376394', 'Akathisia inability to stay still Anxiety Blurred vision Constipation Dizziness Fatigue Headache Increased saliva production Indigestion Insomnia difficulty in sleeping Nausea Parkinsonism Restlessness Sleepiness Tremors Vomiting', ' Schizophrenia Mania'),
(32952, 'Azibact LR 100 Readymix', 227.15, '02ae17f70f5d41018df4c319805bd6e0.jpg', 'Azithromycin (100mg/5ml)', '2023-08-01 00:00:00', '959682822', 'Nausea Abdominal pain Diarrhea', 'Treatment of Bacterial infections'),
(32953, 'Amicline Tablet', 128.86, 'mk94ba6lur6l5rhgxir9.jpg', 'Diloxanide (500mg)', '2023-06-02 00:00:00', '582087905', 'Nausea Vomiting Itching Flatulence Decreased appetite Red spots or bumps', ' Worm infections Intestinal amoebiasis'),
(32954, 'Arpizol 2mg Tablet', 252.27, 'pvhot9dbqozxqsbiia4p.jpg', 'Aripiprazole (2mg)', '2023-05-18 00:00:00', '277819762', 'Akathisia inability to stay still Anxiety Blurred vision Constipation Dizziness Fatigue Headache Increased saliva production Indigestion Insomnia difficulty in sleeping Nausea Parkinsonism Restlessness Sleepiness Tremors Vomiting', ' Schizophrenia Mania'),
(32955, 'Acutret 10 Capsule', 51.24, 'gqtbyimr4gvqpr7gpntv.jpg', 'Isotretinoin (10mg)', '2023-09-06 00:00:00', '607153622', 'Dry skin Increased liver enzymes Rash', 'Treatment of Acne'),
(32956, 'Amaryl M Forte 2mg Tablet PR', 283.54, '1e7ee4c0b8dc4687b92e1bff9cc16bb9.jpg', 'Glimepiride (2mg) + Metformin (1000mg)', '2023-07-31 00:00:00', '163224740', 'Hypoglycemia low blood glucose level Headache Nausea Diarrhea Flatulence', 'Treatment of Type 2 diabetes mellitus'),
(32957, 'Ampilox DS Tablet', 52.35, 'ht7d2ymlm1vavfmk6fvc.jpg', 'Ampicillin (500mg) + Dicloxacillin (500mg)', '2024-03-29 00:00:00', '205712727', 'Rash Vomiting Allergic reaction Stomach pain Nausea Diarrhea', 'Treatment of Bacterial infections'),
(32958, 'Alzil 5 Tablet', 271.28, 'xvoecvywlz6jtlsycj0v.jpg', 'Donepezil (5mg)', '2023-07-22 00:00:00', '795571276', 'Common cold Urinary incontinence Rash Nausea Diarrhea Insomnia difficulty in sleeping Weight loss Accidental injury', ' Alzheimer\'s disease'),
(32959, 'Azoran 25 Tablet', 286.47, 'm4hatep0y0sgnk9pgywu.jpg', 'Azathioprine (25mg)', '2023-08-08 00:00:00', '103437187', 'Decreased white blood cell count Increased bleeding tendency Nausea Infection Loss of appetite', ' Prevention of organ rejection in transplant patientsTreatment of Rheumatoid arthritis'),
(32960, 'Angicam-Beta Tablet', 227.68, 'c7217a89e8f9486ea639a77b3b7906ef.jpg', 'Amlodipine (5mg) + Atenolol (50mg)', '2024-02-24 00:00:00', '121166660', 'Sleepiness Headache Ankle swelling Flushing sense of warmth in the face ears neck and trunk Slow heart rate Palpitations Nausea Edema swelling Constipation Tiredness Cold extremities', 'Treatment of Hypertension (high blood pressure)'),
(32961, 'Altonil 5 Tablet MD', 243.53, 'nkuiimckasiqzlfxaaxl.jpg', 'Melatonin (5mg)', '2023-05-17 00:00:00', '684042743', 'Headache Drowsiness', 'Treatment of InsomniaTreatment of Jet lag'),
(32962, 'Abd 400mg Tablet', 273.89, '7f8d07b625ef470f8e80d50439ca146a.jpg', 'Albendazole (400mg)', '2023-05-26 00:00:00', '572414577', 'Vomiting Dizziness Increased liver enzymes Nausea Loss of appetite', 'Treatment of Parasitic infections'),
(32963, 'Amlosafe TM 40 Tablet', 241.31, 'ufd0resszzcxkrouvdlx.jpg', 'Telmisartan (40mg) + Amlodipine (5mg)', '2024-03-07 00:00:00', '564334956', 'Sleepiness Ankle swelling Headache Flushing sense of warmth in the face ears neck and trunk Dizziness Tiredness Palpitations Upset stomach Increased potassium level in blood', 'Treatment of Hypertension (high blood pressure)'),
(32964, 'Anxipan Capsule', 252.01, 'yfcvlyy7b5ktrcyscuiy.jpg', 'Amitriptyline (10mg) + Pantoprazole (40mg)', '2023-05-17 00:00:00', '246260715', 'Nausea Diarrhea Constipation Stomach pain Flatulence Weight gain Sedation Difficulty in urination Orthostatic hypotension sudden lowering of blood pressure on standing Blurred vision Slow heart rate', ' Acidity Heartburn Anxiety'),
(32965, 'Amtas-AT Tablet', 193.57, 'zjmnl2rpybxivonwfrsz.jpg', 'Amlodipine (5mg) + Atenolol (50mg)', '2024-01-15 00:00:00', '229841126', 'Sleepiness Headache Ankle swelling Flushing sense of warmth in the face ears neck and trunk Slow heart rate Palpitations Nausea Edema swelling Constipation Tiredness Cold extremities', 'Treatment of Hypertension (high blood pressure)'),
(32966, 'Azimax 500 Tablet', 84.07, 'yt14izft12ly5omwwkmd.jpg', 'Azithromycin (500mg)', '2023-11-18 00:00:00', '536008571', 'Nausea Abdominal pain Diarrhea', 'Treatment of Bacterial infections'),
(32967, 'Aztogold 20 Capsule', 90.02, 'nbbvonflqzjxsflnrcjg.jpg', 'Aspirin (75mg) + Atorvastatin (20mg) + Clopidogrel (75mg)', '2024-03-18 00:00:00', '29762712', 'Increased bleeding tendency Abdominal pain Indigestion Bruise Nosebleeds Gastrointestinal bleeding Diarrhea', 'Prevention of Heart attack'),
(32968, 'Aldactone 100 Tablet', 230.28, 'dfyfellbo4fegr9cdfn3.jpg', 'Spironolactone (100mg)', '2023-11-14 00:00:00', '655017846', 'Nausea Vomiting Leg cramps Dizziness Drowsiness Confusion Breast enlargement in male Increased creatinine level in blood', ' Hypertension (high blood pressure) Edema Low potassium Heart failure'),
(32969, 'Amitone 25mg Tablet', 148.18, 'gzadbwhqu1o2cgibvt9a.jpg', 'Amitriptyline (25mg)', '2023-08-26 00:00:00', '750594140', 'Constipation Dryness in mouth Orthostatic hypotension sudden lowering of blood pressure on standing Weight gain Aggressive behavior Nasal congestion stuffy nose Sleepiness Dizziness Headache Decreased libido Nausea Fatigue Confusion Tremors Speech disorder Palpitations Taste change Paresthesia tingling or pricking sensation Abnormality of voluntary movements Loss of accommodation Atrioventricular block Micturition disorders Erectile dysfunction Abnormal E C G Decreased sodium level in blood', 'Treatment of Depression Neuropathic painTreatment of Migraine'),
(32970, 'Acimol-SP Tablet', 213.95, 'f7e64fcb330246ca9bb28eeb06f36637.jpg', 'Aceclofenac (100mg) + Serratiopeptidase (15mg)', '2024-03-20 00:00:00', '834694580', 'Nausea Vomiting Heartburn Loss of appetite Indigestion Stomach pain Diarrhea', ' Pain relief'),
(32971, 'Afdura Tablet ER', 299.88, 'tpoxrnrpue1sqouhut7e.jpg', 'Alfuzosin (10mg) + Dutasteride (0.5mg)', '2024-02-11 00:00:00', '879000731', 'Impotence Decreased libido Ejaculation disorder Headache Nausea Abdominal pain Upper respiratory tract infection Breast enlargement in male Breast tenderness in male', 'Treatment of Benign prostatic hyperplasia'),
(32972, 'Aceclo SR Tablet', 280.37, 'aotmogadt141eyfm2x2s.jpg', 'Aceclofenac (200mg)', '2024-02-02 00:00:00', '150220138', 'Dizziness Indigestion Nausea Abdominal pain Increased liver enzymes', ' Pain relief'),
(32973, 'Acrotac 25mg Capsule', 211.33, 'bnpnm34htj7fnonrdwbe.jpg', 'Acitretin (25mg)', '2023-09-04 00:00:00', '824403429', 'Dryness in mouth Skin peeling Itching Hair loss Dry skin Lip inflammation Dry eye Inflammation of the nose', ' Psoriasis'),
(32974, 'Air 120 Tablet', 119.9, 'cd41f38aff4c43c9aa80c5a5115db21f.jpg', 'Fexofenadine (120mg)', '2023-05-21 00:00:00', '985622833', 'Headache Drowsiness Dizziness Nausea', 'Treatment of Sneezing and runny nose due to allergiesTreatment of Allergic conditions'),
(32975, 'Alight Plus Gel 15gm for Acne Treatment', 204.54, 'qv0lywjj9wur3wtqtp55.jpg', 'Adapalene (0.1% w/w) + Clindamycin (1% w/w)', '2023-11-04 00:00:00', '138760760', 'Skin peeling Erythema skin redness Itching Dry skin Burning sensation at the site of application', 'Treatment of Acne'),
(32976, 'Avas CV 10 Capsule', 271.69, '6b2643f308af425796b7c943545e2a23.jpg', 'Atorvastatin (10mg) + Clopidogrel (75mg)', '2023-10-19 00:00:00', '928267681', 'Stomach pain Diarrhea Indigestion Constipation Headache Dizziness Muscle pain Weakness Increased glucose level in blood Increased liver enzymes', ' Heart attack prevention and high cholesterol'),
(32977, 'AB Phylline Syrup', 59.22, 'j6zjwk5oscb7i4en7wo2.jpg', 'Acebrophylline (10mg/ml)', '2023-11-21 00:00:00', '992624920', 'Vomiting Abdominal pain Drowsiness Heartburn Increased white blood cell count Loss of appetite Rash Itching Constipation Diarrhea Abdominal discomfort Abdominal distension Esophageal bleeding Red spots or bumps Breathing problems High white blood cell count Nasal inflammation', 'Treatment of AsthmaTreatment of BronchitisTreatment of Chronic obstructive pulmonary disease (COPD)'),
(32978, 'Amlokind-H Tablet', 275.01, '94c498160660447fafb6757f295cc190.jpg', 'Amlodipine (5mg) + Hydrochlorothiazide (12.5mg)', '2023-05-13 00:00:00', '378121838', 'Glucose intolerance Sleepiness Ankle swelling Headache Flushing sense of warmth in the face ears neck and trunk Tiredness Palpitations Nausea Increased blood uric acid Decreased potassium level in blood Altered blood lipid level', ' Hypertension (high blood pressure)'),
(32979, 'Amtas-M 50 Tablet PR', 284.16, 'fed43c7f10bb4889b6ec2eb9dfcdd9fb.jpg', 'Amlodipine (5mg) + Metoprolol Succinate (50mg)', '2023-10-02 00:00:00', '961803045', 'Nausea Slow heart rate Abdominal pain Dizziness Fatigue Sleepiness Ankle swelling Constipation Edema swelling Flushing sense of warmth in the face ears neck and trunk Palpitations Headache Vomiting Visual disturbance Orthostatic hypotension sudden lowering of blood pressure on standing Breathlessness Muscle cramp', 'Treatment of Hypertension (high blood pressure)'),
(32980, 'Aclind BP 2.5% Gel', 108.22, 'he81e0nqxd0zqv1cug21.jpg', 'Benzoyl Peroxide (2.5% w/w) + Clindamycin (1% w/w)', '2024-05-01 00:00:00', '314489506', 'Erythema skin redness Skin peeling Dryness Burning sensation Itching Stinging sensation', ' Acne'),
(32981, 'Aprezo 10 Tablet', 101.12, 'b6uugmwtokb2yrgyujqb.jpg', 'Apremilast (10mg)', '2023-07-14 00:00:00', '896089498', 'Diarrhea Nausea Vomiting', ' Plaque psoriasis'),
(32982, 'Arbitel-AM Tablet', 147.4, '01d71ed809ff4a2884fcacd66d2df186.jpg', 'Telmisartan (40mg) + Amlodipine (5mg)', '2024-02-07 00:00:00', '671540610', 'Sleepiness Ankle swelling Headache Flushing sense of warmth in the face ears neck and trunk Dizziness Tiredness Palpitations Upset stomach Increased potassium level in blood', 'Treatment of Hypertension (high blood pressure)'),
(32983, 'Anabel-CT Gel', 296.25, 'bxowgeep4ptruvltdsvo.jpg', 'Choline Salicylate (8.7% w/w) + Lidocaine (2% w/w)', '2024-02-24 00:00:00', '413910860', 'No common side effects seen', 'Treatment of Mouth ulcers'),
(32984, 'Anafortan-MF 50mg/250mg Tablet', 260.09, 'e03b9295f32e4bd4a8ceee379e8ff69e.jpg', 'Camylofin (50mg) + Mefenamic Acid (250mg)', '2024-02-18 00:00:00', '706216493', 'Nausea Vomiting Dryness in mouth Heartburn', ' Abdominal cramp'),
(32985, 'Acnedap Gel', 136.67, 'iulx8hobq0luc7wlvlkf.jpg', 'Dapsone (5% w/w)', '2023-11-14 00:00:00', '375499635', 'Oily skin Skin peeling Dry skin Erythema skin redness', ' Acne'),
(32986, 'Aziderm 20% Gel', 57.14, 'ccivemodephdamuysvth.jpg', 'Azelaic Acid (20% w/w)', '2023-09-14 00:00:00', '131205648', 'Application site reactions burning irritation itching and redness', 'Treatment of Acne'),
(32987, 'Asthakind-LS Junior Expectorant', 272.13, '4392318e798d4b279c5362c2ff05a3df.jpg', 'Ambroxol (15mg) + Levosalbutamol (0.5mg) + Guaifenesin (50mg)', '2023-09-04 00:00:00', '575042102', 'Nausea Vomiting Diarrhea Upset stomach Stomach pain Allergic reaction Dizziness Headache Rash Hives Tremors Palpitations Muscle cramp Increased heart rate', 'Treatment of Cough with mucus'),
(32988, 'Atonide Cream', 215.02, '1b60cb01e66c4d48ab63e1a725273f8e.jpg', 'Desonide (0.05% w/w)', '2023-05-31 00:00:00', '590577069', 'Application site reactions burning irritation itching and redness Rash', ' Skin conditions with inflammation & itching'),
(32989, 'Ampoxin 250 Capsule', 293.05, 'kvdjdt17kqdalnpvltt4.jpg', 'Ampicillin (125mg) + Cloxacillin (125mg)', '2024-03-27 00:00:00', '208624331', 'Nausea Vomiting Diarrhea Abdominal pain Headache Allergy', 'Treatment of Bacterial infections'),
(32990, 'Ascoril Flu Drops', 58.89, 'zdrn5plbqomryyjbkkdq.jpg', 'Chlorpheniramine Maleate (1mg/ml) + Phenylephrine (2.5mg/ml)', '2023-12-16 00:00:00', '542405579', 'Vomiting Headache Restlessness Anxiety Dizziness Tremors Pale skin High blood pressure Seizure Cerebral hemorrhage Palpitations Paresthesia tingling or pricking sensation Abdominal pain Allergic reaction Decreased appetite Blurred vision Dry nose Dry throat Excitement Rash', 'Treatment of Common cold');
INSERT INTO `products` (`ilaç_id`, `name`, `price`, `image`, `composition`, `skt`, `barcode`, `side_effect`, `uses`) VALUES
(32991, 'Aerodil  Expectorant', 275.59, 'x64haviidehevn4xpxyg.jpg', 'Ambroxol (15mg/5ml) + Guaifenesin (50mg/5ml) + Terbutaline (1.25mg/5ml)', '2024-01-16 00:00:00', '32754649', 'Excessive salivation Fatigue Paresthesia tingling or pricking sensation Stomach discomfort Arrhythmia irregular heartbeats Nausea Vomiting Diarrhea Dizziness Headache Rash Tremors Increased heart rate Indigestion Bloating Upper abdominal pain Urticaria Itching Sweating Changes in serum aminotransferase levels', 'Treatment of Cough with mucus'),
(32992, 'Alevo 500 Tablet', 138.97, 'neiibi92buqpybxega0z.jpg', 'Levofloxacin (500mg)', '2024-01-08 00:00:00', '437856618', 'Headache Dizziness Nausea Constipation Diarrhea', 'Treatment of Bacterial infections'),
(32993, 'Amaryl M Forte 1mg Tablet PR', 189.53, '3a9973152987443699b862e8e8e3a0c4.jpg', 'Glimepiride (1mg) + Metformin (1000mg)', '2023-07-28 00:00:00', '44590193', 'Hypoglycemia low blood glucose level Headache Nausea Diarrhea Flatulence', 'Treatment of Type 2 diabetes mellitus'),
(32994, 'Acimol MR 100mg/325mg/250mg Tablet', 152.71, '40b7b89ac9bb4255b6cad142cf8ef8dc.jpg', 'Aceclofenac (100mg) + Paracetamol (325mg) + Chlorzoxazone (250mg)', '2024-02-04 00:00:00', '424253818', 'Nausea Vomiting Heartburn Stomach pain Diarrhea Loss of appetite Tiredness Sleepiness', 'Treatment of Muscular pain'),
(32995, 'Anfoe 10000IU Injection', 258.71, '2a84c25c90d94e45b211e3a6f1190d7b.jpg', 'Recombinant Human Erythropoietin Alfa (10000IU)', '2023-11-05 00:00:00', '149387536', 'High blood pressure Nausea Vomiting Fever Rash Joint pain Headache Insomnia difficulty in sleeping Chills Cough Bone pain Muscle spasm Dizziness Vascular occlusion Injection site irritation Stomatitis Inflammation of the mouth Weight loss Decreased white blood cell count lymphocytes Increased glucose level in blood Blood clot in the blood vessels', 'Treatment of Anemia due to chronic kidney diseaseTreatment of Anemia due to cancer chemotherapy'),
(32996, 'Acnovate Gel', 257.24, 'zlwdxxuyebofeyfyeaek.jpg', 'Adapalene (0.1% w/w) + Clindamycin (1% w/w)', '2023-08-23 00:00:00', '267998148', 'Skin peeling Erythema skin redness Itching Dry skin Burning sensation at the site of application', 'Treatment of Acne'),
(32997, 'Alcarex Eye Drop', 298.7, 'k2ugmrtzshdltxcl7zzo.png', 'Alcaftadine (0.25% w/v)', '2024-02-12 00:00:00', '854651890', 'Eye irritation Itching Stinging in the eyes Burning eyes', ' Allergic eye disease'),
(32998, 'Alex-L Cough Syrup Mango Sugar Free', 211, '4eb3ac15ef794c039885f373211f2433.jpg', 'Levocloperastine (20mg/5ml)', '2023-09-10 00:00:00', '117892399', 'Palpitations Dizziness Fainting Fatigue Headache Sleepiness Gastrointestinal disturbance Confusion Numbness', 'Treatment of Dry cough'),
(32999, 'Azifast 500 Tablet', 190.03, 'mphxpmktjdycaqeoyuxd.jpg', 'Azithromycin (500mg)', '2023-07-11 00:00:00', '771170059', 'Nausea Abdominal pain Diarrhea', 'Treatment of Bacterial infections'),
(33000, 'Azivent 500 Tablet', 68.91, 'f0k7qyplmbwerkhzuqrs.jpg', 'Azithromycin (500mg)', '2023-11-24 00:00:00', '393509638', 'Nausea Abdominal pain Diarrhea', 'Treatment of Bacterial infections'),
(33001, 'Amlong-H Tablet', 220.17, 'bp38tyapyxbzpwife7mq.jpg', 'Amlodipine (5mg) + Hydrochlorothiazide (12.5mg)', '2024-01-20 00:00:00', '78769338', 'Glucose intolerance Sleepiness Ankle swelling Headache Flushing sense of warmth in the face ears neck and trunk Tiredness Palpitations Nausea Increased blood uric acid Decreased potassium level in blood Altered blood lipid level', ' Hypertension (high blood pressure)'),
(33002, 'Ambrolite Levo Syrup', 124.34, '1380d32eb52d4b7baa2a6811d85fb9d7.jpg', 'Ambroxol (30mg/5ml) + Levosalbutamol (1mg/5ml) + Guaifenesin (50mg/5ml)', '2023-09-03 00:00:00', '440670103', 'Nausea Vomiting Diarrhea Upset stomach Stomach pain Allergic reaction Dizziness Headache Rash Hives Tremors Palpitations Muscle cramp Increased heart rate', 'Treatment of Cough with mucus'),
(33003, 'Anaflam TH  4  Tablet', 289.99, 'axjdlyx05nhas2pevnop.jpg', 'Thiocolchicoside (4mg) + Aceclofenac (100mg) + Paracetamol (325mg)', '2024-01-31 00:00:00', '418930458', 'Nausea Vomiting Heartburn Stomach pain Diarrhea Loss of appetite Dryness in mouth', 'Treatment of Muscular pain'),
(33004, 'Alex P Syrup', 284.2, '29842668e32b4d9199c60186234946bc.jpg', 'Chlorpheniramine Maleate (0.5mg/5ml) + Paracetamol (125mg/5ml) + Phenylephrine (5mg/5ml) + Sodium Citrate (60mg/5ml) + Menthol (1mg/5ml)', '2023-05-16 00:00:00', '876147411', 'Nausea Headache Tachycardia Palpitations Dizziness Fear Anxiety Restlessness Tremors Weakness Discomfort when urinating Insomnia difficulty in sleeping Hallucination Convulsion', ' Common cold'),
(33005, 'Amlopres AT 25 Tablet', 63.98, 'dlop0wnqeoe5it74nusj.jpg', 'Amlodipine (5mg) + Atenolol (25mg)', '2024-04-29 00:00:00', '488420816', 'Sleepiness Headache Ankle swelling Flushing sense of warmth in the face ears neck and trunk Slow heart rate Palpitations Nausea Edema swelling Constipation Tiredness Cold extremities', 'Treatment of Hypertension (high blood pressure)'),
(33006, 'AB-Next Gel', 210.93, 'e0a0adae53214c56b7537ca2047915da.jpg', 'Adapalene (0.1% w/w) + Benzoyl Peroxide (2.5% w/w)', '2024-02-23 00:00:00', '948236902', 'Erythema skin redness Burning sensation Scaling Stinging sensation', ' Acne'),
(33007, 'Airz Capsule', 81.51, 'byccl66t3zzh139svv5r.jpg', 'Glycopyrrolate (50mcg)', '2023-07-10 00:00:00', '901596556', 'Sore throat Dryness in mouth Insomnia difficulty in sleeping Gastroenteritis', ' Chronic obstructive pulmonary disease (COPD) General Anaesthesia Peptic ulcer disease'),
(33008, 'Amrox Syrup', 61.16, '684cf67366c342f79f7a46975eda5a5b.jpg', 'Ambroxol (15mg/5ml) + Guaifenesin (50mg/5ml) + Terbutaline (1.5mg/5ml)', '2023-05-18 00:00:00', '547768284', 'Excessive salivation Fatigue Paresthesia tingling or pricking sensation Arrhythmia irregular heartbeats Nausea Vomiting Diarrhea Dizziness Headache Rash Tremors Increased heart rate Indigestion Bloating Upper abdominal pain Urticaria Itching Sweating Changes in serum aminotransferase levels', 'Treatment of Cough with mucus'),
(33009, 'Atchol-ASP Capsule', 163.08, '4905e530a1474a0cacb1fdb3956d1930.jpg', 'Atorvastatin (10mg) + Aspirin (75mg)', '2023-10-05 00:00:00', '200382001', 'Abdominal pain Constipation Flatulence Increased liver enzymes Hepatitis viral infection of liver Reye s syndrome like symptoms', 'Treatment of Prevention of heart attack and stroke'),
(33010, 'Amlovas-M 5/50 Tablet PR', 81.11, 'a24a7ee7af7d4975b886a5b0fd8d4fe2.jpg', 'Amlodipine (5mg) + Metoprolol Succinate (50mg)', '2024-03-12 00:00:00', '540249843', 'Nausea Slow heart rate Abdominal pain Dizziness Fatigue Sleepiness Ankle swelling Constipation Edema swelling Flushing sense of warmth in the face ears neck and trunk Palpitations Headache Vomiting Visual disturbance Orthostatic hypotension sudden lowering of blood pressure on standing Breathlessness Muscle cramp', 'Treatment of Hypertension (high blood pressure)'),
(33011, 'Atchol 40 Tablet', 92.35, 'djkfhzdetlk503reyvpl.jpg', 'Atorvastatin (40mg)', '2023-12-21 00:00:00', '307914289', 'Dyspepsia Abdominal pain Indigestion Diarrhea Joint pain Nasopharyngitis inflammation of the throat and nasal passages Nausea Pain in extremities Urinary tract infection Abnormal liver function tests', ' High cholesterolPrevention of Heart attack'),
(33012, 'Arflur 3D Tablet', 244.74, 'gx5jmbwsypdp8gwgtg7n.jpg', 'Aceclofenac (100mg) + Paracetamol (500mg) + Serratiopeptidase (15mg)', '2023-10-22 00:00:00', '653290823', 'Nausea Vomiting Stomach pain Indigestion Heartburn Loss of appetite Diarrhea', ' Pain relief'),
(33013, 'Aerocort Forte Rotacap', 221.31, 'axb1kggiuzbxmrs0eht4.jpg', 'Levosalbutamol (100mcg) + Beclometasone (200mcg)', '2023-07-24 00:00:00', '713420007', 'Hoarseness of voice Headache Dizziness Pharyngitis Vomiting Bronchitis inflammation of the airways Dryness in mouth Cough Application site irritation Nausea Gastrointestinal motility disorder Thrush Throat irritation', ' Asthma');

-- --------------------------------------------------------

--
-- Tablo için tablo yapısı `siparişler`
--

CREATE TABLE `siparişler` (
  `id` int NOT NULL,
  `eczane_name` varchar(100) CHARACTER SET utf8mb4 COLLATE utf8mb4_0900_ai_ci NOT NULL,
  `user_name` varchar(100) CHARACTER SET utf8mb4 COLLATE utf8mb4_0900_ai_ci NOT NULL,
  `number` varchar(12) CHARACTER SET utf8mb4 COLLATE utf8mb4_0900_ai_ci NOT NULL,
  `adres` varchar(100) CHARACTER SET utf8mb4 COLLATE utf8mb4_0900_ai_ci NOT NULL,
  `sipariş_özeti` varchar(1000) CHARACTER SET utf8mb4 COLLATE utf8mb4_0900_ai_ci NOT NULL,
  `method` varchar(50) NOT NULL,
  `toplam_fiyat` decimal(8,2) NOT NULL,
  `sipariş_tarihi` date NOT NULL,
  `durum` varchar(50) CHARACTER SET utf8mb4 COLLATE utf8mb4_unicode_ci DEFAULT 'Beklemede',
  `kargo` varchar(100) CHARACTER SET utf8mb4 COLLATE utf8mb4_0900_ai_ci DEFAULT NULL
) ENGINE=InnoDB DEFAULT CHARSET=utf8mb4 COLLATE=utf8mb4_0900_ai_ci;

--
-- Tablo döküm verisi `siparişler`
--

INSERT INTO `siparişler` (`id`, `eczane_name`, `user_name`, `number`, `adres`, `sipariş_özeti`, `method`, `toplam_fiyat`, `sipariş_tarihi`, `durum`, `kargo`) VALUES
(8, 'burcu', 'ebrar S', '05515233789', 'Konyaaltı Mahallesi, Çiçek Caddesi, No: 22, daire:4, Muratpaşa, Antalya', 'Ascoril LS Syrup (2) , Azithral 500 Tablet (3) ', 'kredi kartı', 537.00, '2024-06-06', 'tamamlandı', 'Aras Kargo'),
(9, 'zeynep A', 'Fatmanur', '05523655789', 'Mimarsinan Mahallesi, Lale Caddesi, No: 18, daire:3, Melikgazi, Kayseri', 'Avil 25 Tablet (4) , Azithral 500 Tablet (2) ', 'kredi kartı', 978.00, '2024-06-06', 'tamamlandı', 'PTT Kargo'),
(10, 'burcu', 'Fatmanur', '05523655789', 'Mimarsinan Mahallesi, Lale Caddesi, No: 18, daire:4, Melikgazi, Kayseri', 'Augmentin Duo Oral Suspension (2) , AB-Flo-N Tablet (2) ', 'kredi kartı', 624.00, '2024-06-07', 'tamamlandı', 'Sürat Kargo');

-- --------------------------------------------------------

--
-- Tablo için tablo yapısı `teslimatlar`
--

CREATE TABLE `teslimatlar` (
  `id` int NOT NULL,
  `users_id` int NOT NULL,
  `sipariş_id` int NOT NULL,
  `teslimat_adresi` varchar(100) CHARACTER SET utf8mb4 COLLATE utf8mb4_unicode_ci DEFAULT NULL,
  `teslimat_tarihi` date DEFAULT NULL,
  `durum` varchar(50) CHARACTER SET utf8mb4 COLLATE utf8mb4_unicode_ci DEFAULT 'yolda'
) ENGINE=InnoDB DEFAULT CHARSET=utf8mb4 COLLATE=utf8mb4_0900_ai_ci;

--
-- Tablo döküm verisi `teslimatlar`
--

INSERT INTO `teslimatlar` (`id`, `users_id`, `sipariş_id`, `teslimat_adresi`, `teslimat_tarihi`, `durum`) VALUES
(1, 15, 8, 'Konyaaltı Mahallesi, Çiçek Caddesi, No: 22, daire:4, Muratpaşa, Antalya', '2024-06-07', 'teslim edildi'),
(2, 19, 9, 'Mimarsinan Mahallesi, Lale Caddesi, No: 18, daire:3, Melikgazi, Kayseri', '2024-06-07', 'teslim edildi'),
(3, 17, 10, 'Mimarsinan Mahallesi, Lale Caddesi, No: 18, daire:4, Melikgazi, Kayseri', '2024-06-07', 'teslim edildi');

-- --------------------------------------------------------

--
-- Tablo için tablo yapısı `users`
--

CREATE TABLE `users` (
  `id` int NOT NULL,
  `name` varchar(100) CHARACTER SET utf8mb4 COLLATE utf8mb4_0900_ai_ci NOT NULL,
  `email` varchar(100) CHARACTER SET utf8mb4 COLLATE utf8mb4_0900_ai_ci NOT NULL,
  `password` varchar(100) CHARACTER SET utf8mb4 COLLATE utf8mb4_0900_ai_ci NOT NULL,
  `user_type` varchar(20) CHARACTER SET utf8mb4 COLLATE utf8mb4_0900_ai_ci NOT NULL DEFAULT 'kullanıcı'
) ENGINE=InnoDB DEFAULT CHARSET=utf8mb4 COLLATE=utf8mb4_0900_ai_ci;

--
-- Tablo döküm verisi `users`
--

INSERT INTO `users` (`id`, `name`, `email`, `password`, `user_type`) VALUES
(4, 'burcu', 'burcub@gmail.com', '4297f44b13955235245b2497399d7a93', 'eczane'),
(6, 'feyzanur', 'feyzanur@gmail.com', '733d7be2196ff70efaf6913fc8bdcabf', 'üretici'),
(7, 'kübra', 'kubra@gmail.com', 'e5fa358b0dab6a187745ee660673c877', 'kullanıcı'),
(8, 'hatice', 'haticek@gmail.com', 'e10adc3949ba59abbe56e057f20f883e', 'eczane_depo'),
(9, 'zeynep A', 'zeynepa@gmail.com', '4122cb13c7a474c1976c9706ae36521d', 'eczane'),
(10, 'Ahmet Y', 'ahmety@gmail.com', '81dc9bdb52d04dc20036dbd8313ed055', 'eczane_depo'),
(11, 'mehmet', 'mehmeta@gmail.com', '827ccb0eea8a706c4c34a16891f84e7b', 'eczane_depo'),
(13, 'ebrar S', 'ebrars@gmail.com', '55587a910882016321201e6ebbc9f595', 'kullanıcı'),
(14, 'Fatmanur', 'fatmanura@gmail.com', 'c8837b23ff8aaa8a2dde915473ce0991', 'kullanıcı'),
(15, 'Aras Kargo', 'araskargo@gmail.com', '670b14728ad9902aecba32e22fa4f6bd', 'kargo'),
(16, 'MNG Kargo', 'mngkargo@gmail.com', '96e79218965eb72c92a549dd5a330112', 'kargo'),
(17, 'Sürat Kargo', 'suratkargo@gmail.com', 'e3ceb5881a0a1fdaad01296d7554868d', 'kargo'),
(18, 'Yurtiçi Kargo', 'yurticikargo@gmail.com', '1a100d2c0dab19c4430e7d73762b3423', 'kargo'),
(19, 'PTT Kargo', 'pttkargo@gmail.com', '73882ab1fa529d7273da0db6b49cc4f3', 'kargo');

-- --------------------------------------------------------

--
-- Tablo için tablo yapısı `üretici`
--

CREATE TABLE `üretici` (
  `üretici_id` int NOT NULL,
  `ad` varchar(100) CHARACTER SET utf8mb4 COLLATE utf8mb4_unicode_ci NOT NULL,
  `adres` varchar(100) CHARACTER SET utf8mb4 COLLATE utf8mb4_unicode_ci DEFAULT NULL,
  `number` varchar(12) CHARACTER SET utf8mb4 COLLATE utf8mb4_unicode_ci DEFAULT NULL,
  `eposta` varchar(100) CHARACTER SET utf8mb4 COLLATE utf8mb4_unicode_ci DEFAULT NULL,
  `users` int DEFAULT NULL
) ENGINE=InnoDB DEFAULT CHARSET=utf8mb4 COLLATE=utf8mb4_0900_ai_ci;

--
-- Tablo döküm verisi `üretici`
--

INSERT INTO `üretici` (`üretici_id`, `ad`, `adres`, `number`, `eposta`, `users`) VALUES
(1, 'feyzanur', 'bahar sokak, Nazım caddesi, No:16, Ataköy, İstanbul', '05525622463', 'feyzanur@gmail.com', 6);

--
-- Dökümü yapılmış tablolar için indeksler
--

--
-- Tablo için indeksler `cart`
--
ALTER TABLE `cart`
  ADD PRIMARY KEY (`id`);

--
-- Tablo için indeksler `deposiparişleri`
--
ALTER TABLE `deposiparişleri`
  ADD PRIMARY KEY (`id`),
  ADD KEY `üretici_id` (`üretici_name`);

--
-- Tablo için indeksler `depostok`
--
ALTER TABLE `depostok`
  ADD PRIMARY KEY (`id`),
  ADD KEY `ed_id` (`ed_id`),
  ADD KEY `ilaç_id` (`ilaç_id`);

--
-- Tablo için indeksler `eczadeposu`
--
ALTER TABLE `eczadeposu`
  ADD PRIMARY KEY (`ed_id`),
  ADD KEY `users` (`users`);

--
-- Tablo için indeksler `eczane`
--
ALTER TABLE `eczane`
  ADD PRIMARY KEY (`eczane_id`),
  ADD KEY `users` (`users`);

--
-- Tablo için indeksler `eczanesiparişleri`
--
ALTER TABLE `eczanesiparişleri`
  ADD PRIMARY KEY (`id`);

--
-- Tablo için indeksler `eczanestok`
--
ALTER TABLE `eczanestok`
  ADD PRIMARY KEY (`es_id`),
  ADD KEY `eczane_id` (`eczane_id`),
  ADD KEY `ilaç_id` (`ilaç_id`);

--
-- Tablo için indeksler `message`
--
ALTER TABLE `message`
  ADD PRIMARY KEY (`id`);

--
-- Tablo için indeksler `products`
--
ALTER TABLE `products`
  ADD PRIMARY KEY (`ilaç_id`);

--
-- Tablo için indeksler `siparişler`
--
ALTER TABLE `siparişler`
  ADD PRIMARY KEY (`id`);

--
-- Tablo için indeksler `teslimatlar`
--
ALTER TABLE `teslimatlar`
  ADD PRIMARY KEY (`id`),
  ADD KEY `users_id` (`users_id`),
  ADD KEY `sipariş_id` (`sipariş_id`);

--
-- Tablo için indeksler `users`
--
ALTER TABLE `users`
  ADD PRIMARY KEY (`id`);

--
-- Tablo için indeksler `üretici`
--
ALTER TABLE `üretici`
  ADD PRIMARY KEY (`üretici_id`),
  ADD KEY `users` (`users`);

--
-- Dökümü yapılmış tablolar için AUTO_INCREMENT değeri
--

--
-- Tablo için AUTO_INCREMENT değeri `cart`
--
ALTER TABLE `cart`
  MODIFY `id` int NOT NULL AUTO_INCREMENT, AUTO_INCREMENT=54;

--
-- Tablo için AUTO_INCREMENT değeri `deposiparişleri`
--
ALTER TABLE `deposiparişleri`
  MODIFY `id` int NOT NULL AUTO_INCREMENT, AUTO_INCREMENT=12;

--
-- Tablo için AUTO_INCREMENT değeri `depostok`
--
ALTER TABLE `depostok`
  MODIFY `id` int NOT NULL AUTO_INCREMENT, AUTO_INCREMENT=1075;

--
-- Tablo için AUTO_INCREMENT değeri `eczadeposu`
--
ALTER TABLE `eczadeposu`
  MODIFY `ed_id` int NOT NULL AUTO_INCREMENT, AUTO_INCREMENT=4;

--
-- Tablo için AUTO_INCREMENT değeri `eczane`
--
ALTER TABLE `eczane`
  MODIFY `eczane_id` int NOT NULL AUTO_INCREMENT, AUTO_INCREMENT=3;

--
-- Tablo için AUTO_INCREMENT değeri `eczanesiparişleri`
--
ALTER TABLE `eczanesiparişleri`
  MODIFY `id` int NOT NULL AUTO_INCREMENT, AUTO_INCREMENT=6;

--
-- Tablo için AUTO_INCREMENT değeri `eczanestok`
--
ALTER TABLE `eczanestok`
  MODIFY `es_id` int NOT NULL AUTO_INCREMENT, AUTO_INCREMENT=717;

--
-- Tablo için AUTO_INCREMENT değeri `message`
--
ALTER TABLE `message`
  MODIFY `id` int NOT NULL AUTO_INCREMENT, AUTO_INCREMENT=2;

--
-- Tablo için AUTO_INCREMENT değeri `products`
--
ALTER TABLE `products`
  MODIFY `ilaç_id` int NOT NULL AUTO_INCREMENT, AUTO_INCREMENT=33014;

--
-- Tablo için AUTO_INCREMENT değeri `siparişler`
--
ALTER TABLE `siparişler`
  MODIFY `id` int NOT NULL AUTO_INCREMENT, AUTO_INCREMENT=11;

--
-- Tablo için AUTO_INCREMENT değeri `teslimatlar`
--
ALTER TABLE `teslimatlar`
  MODIFY `id` int NOT NULL AUTO_INCREMENT, AUTO_INCREMENT=4;

--
-- Tablo için AUTO_INCREMENT değeri `users`
--
ALTER TABLE `users`
  MODIFY `id` int NOT NULL AUTO_INCREMENT, AUTO_INCREMENT=20;

--
-- Tablo için AUTO_INCREMENT değeri `üretici`
--
ALTER TABLE `üretici`
  MODIFY `üretici_id` int NOT NULL AUTO_INCREMENT, AUTO_INCREMENT=2;

--
-- Dökümü yapılmış tablolar için kısıtlamalar
--

--
-- Tablo kısıtlamaları `depostok`
--
ALTER TABLE `depostok`
  ADD CONSTRAINT `depostok_ibfk_1` FOREIGN KEY (`ed_id`) REFERENCES `eczadeposu` (`ed_id`),
  ADD CONSTRAINT `depostok_ibfk_2` FOREIGN KEY (`ilaç_id`) REFERENCES `products` (`ilaç_id`);

--
-- Tablo kısıtlamaları `eczadeposu`
--
ALTER TABLE `eczadeposu`
  ADD CONSTRAINT `eczadeposu_ibfk_1` FOREIGN KEY (`users`) REFERENCES `users` (`id`);

--
-- Tablo kısıtlamaları `eczane`
--
ALTER TABLE `eczane`
  ADD CONSTRAINT `eczane_ibfk_1` FOREIGN KEY (`users`) REFERENCES `users` (`id`);

--
-- Tablo kısıtlamaları `eczanestok`
--
ALTER TABLE `eczanestok`
  ADD CONSTRAINT `eczanestok_ibfk_1` FOREIGN KEY (`eczane_id`) REFERENCES `eczane` (`eczane_id`),
  ADD CONSTRAINT `eczanestok_ibfk_2` FOREIGN KEY (`ilaç_id`) REFERENCES `products` (`ilaç_id`);

--
-- Tablo kısıtlamaları `teslimatlar`
--
ALTER TABLE `teslimatlar`
  ADD CONSTRAINT `teslimatlar_ibfk_1` FOREIGN KEY (`users_id`) REFERENCES `users` (`id`),
  ADD CONSTRAINT `teslimatlar_ibfk_2` FOREIGN KEY (`sipariş_id`) REFERENCES `siparişler` (`id`);

--
-- Tablo kısıtlamaları `üretici`
--
ALTER TABLE `üretici`
  ADD CONSTRAINT `üretici_ibfk_1` FOREIGN KEY (`users`) REFERENCES `users` (`id`);
COMMIT;

/*!40101 SET CHARACTER_SET_CLIENT=@OLD_CHARACTER_SET_CLIENT */;
/*!40101 SET CHARACTER_SET_RESULTS=@OLD_CHARACTER_SET_RESULTS */;
/*!40101 SET COLLATION_CONNECTION=@OLD_COLLATION_CONNECTION */;
